id_paciente,ic_sexo,aa_nascimento,cd_pais,cd_uf,cd_municipio,cd_distrito
204591,M,1954,BR,SP,SAO PAULO,
204990,F,1954,BR,SP,SAO PAULO,
204653,F,1956,BR,SP,SAO PAULO,
202577,F,1957,BR,SP,SAO PAULO,
206125,M,1957,BR,SP,SAO PAULO,
206725,F,1958,BR,SP,SAO PAULO,
202783,M,1959,BR,SP,SAO PAULO,
204549,F,1960,BR,SP,SAO PAULO,
203317,F,1960,BR,SP,SAO PAULO,
202025,M,1960,BR,SP,SAO PAULO,
207502,M,1961,BR,SP,SANTANA DE PARNAIBA,
204017,M,1961,BR,SP,SAO PAULO,
202229,M,1961,BR,SP,SAO PAULO,
204038,M,1962,BR,SP,SANTANA DE PARNAIBA,
204356,M,1962,BR,SP,SAO PAULO,
203988,M,1962,BR,SP,SAO PAULO,
203379,M,1963,BR,SP,SANTANA DE PARNAIBA,
205170,M,1963,BR,SP,SAO PAULO,
205196,F,1963,BR,SP,SAO PAULO,
204440,M,1964,BR,SP,SAO PAULO,
202732,M,1964,BR,SP,SAO PAULO,
207892,M,1964,BR,SP,SAO PAULO,
203554,F,1964,BR,SP,SAO PAULO,
203473,M,1964,BR,SP,SAO PAULO,
264413,M,1965,BR,SP,JUNDIAI,
203249,F,1965,BR,SP,SANTANA DE PARNAIBA,
203295,M,1965,BR,SP,SAO PAULO,
203014,M,1965,BR,SP,SAO PAULO,
212850,M,1965,BR,SP,SAO PAULO,
203033,M,1965,BR,SP,SAO PAULO,
204932,M,1965,BR,SP,SAO PAULO,
245726,M,1966,BR,SP,JUNDIAI,
202331,F,1966,BR,SP,SAO PAULO,
202771,F,1966,BR,SP,SAO PAULO,
204210,M,1966,BR,SP,SAO PAULO,
202527,M,1966,BR,SP,SAO PAULO,
206458,F,1966,BR,SP,SAO PAULO,
262747,M,1967,BR,SP,JUNDIAI,
204078,M,1967,BR,SP,SAO PAULO,
217796,F,1967,BR,SP,SAO PAULO,
206509,M,1967,BR,SP,SAO PAULO,
211832,M,1967,BR,SP,SAO PAULO,
204875,M,1967,BR,SP,SAO PAULO,
205197,M,1967,BR,SP,SAO PAULO,
203109,F,1967,BR,SP,SAO PAULO,
205258,F,1968,BR,SP,SAO PAULO,
202274,F,1968,BR,SP,SAO PAULO,
202598,M,1968,BR,SP,SAO PAULO,
202712,M,1968,BR,SP,SAO PAULO,
265360,I,1969,BR,SP,JUNDIAI,
202251,F,1969,BR,SP,SAO PAULO,
203040,M,1969,BR,SP,SAO PAULO,
203241,M,1969,BR,SP,SAO PAULO,
203629,F,1969,BR,SP,SAO PAULO,
203711,M,1969,BR,SP,SAO PAULO,
207804,M,1969,BR,SP,SAO PAULO,
204081,F,1969,BR,SP,SAO PAULO,
264307,F,1980,BR,SP,JUNDIAI,
204087,M,1980,BR,SP,SANTANA DE PARNAIBA,
203215,F,1980,BR,SP,SANTANA DE PARNAIBA,
204775,F,1980,BR,SP,SAO PAULO,
205109,M,1980,BR,SP,SAO PAULO,
247104,M,1980,BR,SP,SAO PAULO,
206419,F,1980,BR,SP,SAO PAULO,
202874,F,1980,BR,SP,SAO PAULO,
208237,M,1980,BR,SP,SAO PAULO,
203585,M,1980,BR,SP,SAO PAULO,
202285,F,1980,BR,SP,SAO PAULO,
204944,M,1980,BR,SP,SAO PAULO,
202018,F,1980,BR,SP,SAO PAULO,
203113,F,1980,BR,SP,SAO PAULO,
203635,M,1980,BR,SP,SAO PAULO,
204099,M,1980,BR,SP,SAO PAULO,
202281,M,1980,BR,SP,SAO PAULO,
202107,F,1980,BR,SP,SAO PAULO,
206210,F,1980,BR,SP,SAO PAULO,
205674,M,1980,BR,SP,SAO PAULO,
202078,F,1980,BR,SP,SAO PAULO,
204261,F,1980,BR,SP,SAO PAULO,
206779,F,1980,BR,SP,SAO PAULO,
232532,F,1990,BR,SP,JUNDIAI,
218201,M,1990,BR,SP,SAO PAULO,
202538,M,1990,BR,SP,SAO PAULO,
203992,M,1990,BR,SP,SAO PAULO,
202889,M,1990,BR,SP,SAO PAULO,
207581,F,1990,BR,SP,SAO PAULO,
205728,M,1990,BR,SP,SAO PAULO,
202878,M,1990,BR,SP,SAO PAULO,
204021,M,1990,BR,SP,SAO PAULO,
205881,M,1990,BR,SP,SAO PAULO,
202327,M,1990,BR,SP,SAO PAULO,
217654,M,1990,BR,SP,SAO PAULO,
204606,F,1990,BR,SP,SAO PAULO,
202133,M,1990,BR,SP,SAO PAULO,
209258,F,1990,BR,SP,SAO PAULO,
264108,M,2000,BR,SP,JUNDIAI,
217038,F,2000,BR,SP,SAO PAULO,
205181,F,2000,BR,SP,SAO PAULO,
203638,F,2001,BR,SP,SAO PAULO,
205420,F,2009,BR,SP,SAO PAULO,
215350,M,2017,BR,SP,SAO PAULO,
217503,M,2018,BR,SP,SAO PAULO,
216920,M,2018,BR,SP,SAO PAULO,
