,DE_EXAME,DE_ANALITO,COUNT
277,"COVID19, ANTICORPOS IgG, soro","Covid 19, Anticorpos IgG, Quimiolumin.-Índice",84996
279,"COVID19, ANTICORPOS IgM, soro","Covid 19, Anticorpos IgM, Quimiolumin.-Índice",84986
278,"COVID19, ANTICORPOS IgG, soro","Covid 19, Anticorpos IgG, Quimioluminescência",83767
280,"COVID19, ANTICORPOS IgM, soro","Covid 19, Anticorpos IgM, Quimioluminescência",83753
797,"NOVO CORONAVÍRUS 2019 (SARS-CoV-2), DETECÇÃO POR PCR","Covid 19, Detecção por PCR",50223
798,"NOVO CORONAVÍRUS 2019 (SARS-CoV-2), DETECÇÃO POR PCR","Covid 19, Material",50223
542,"HEMOGRAMA, sangue total",Plaquetas,35485
550,"HEMOGRAMA, sangue total",VCM,35485
521,"HEMOGRAMA, sangue total",Concentração de Hemoglobina Corpuscular,35485
524,"HEMOGRAMA, sangue total",Eritrócitos,35485
529,"HEMOGRAMA, sangue total",Leucócitos,35485
526,"HEMOGRAMA, sangue total",Hematócrito,35485
528,"HEMOGRAMA, sangue total",Hemoglobina Corpuscular Média,35485
541,"HEMOGRAMA, sangue total",Neutrófilos (%),35484
540,"HEMOGRAMA, sangue total",Neutrófilos,35484
537,"HEMOGRAMA, sangue total",Monócitos (%),35484
527,"HEMOGRAMA, sangue total",Hemoglobina,35484
530,"HEMOGRAMA, sangue total",Linfócitos,35484
536,"HEMOGRAMA, sangue total",Monócitos,35484
531,"HEMOGRAMA, sangue total",Linfócitos (%),35484
517,"HEMOGRAMA, sangue total",Basófilos,35483
518,"HEMOGRAMA, sangue total",Basófilos (%),35483
523,"HEMOGRAMA, sangue total",Eosinófilos (%),35483
522,"HEMOGRAMA, sangue total",Eosinófilos,35483
539,"HEMOGRAMA, sangue total","Morfologia, Série Vermelha",35483
538,"HEMOGRAMA, sangue total","Morfologia, Série Branca",35482
547,"HEMOGRAMA, sangue total",RDW,35480
551,"HEMOGRAMA, sangue total",Volume plaquetário médio,34672
290,"CREATININA, soro",Creatinina,27184
1138,TRANSAMINASE GLUTAMICO-PIRUVICA (TGP),ALT (TGP),25550
574,"HORMONIO TIROESTIMULANTE (TSH), soro",Hormônio Tiroestimulante,25375
1137,TRANSAMINASE GLUTAMICO-OXALACETICA (TGO),AST (TGO),25296
1147,"TRIGLICERIDES, soro",Triglicérides,24436
253,"COLESTEROL TOTAL, soro",Colesterol total,24345
491,"HDL-COLESTEROL, soro",HDL-Colesterol,24171
1165,"UREIA, soro",Uréia,23729
734,"LDL-COLESTEROL, soro",LDL-Colesterol,23632
801,"NÃO-HDL-COLESTEROL, soro","Colesterol não-HDL, soro",23591
1258,"VLDL-COLESTEROL, soro",VLDL-Colesterol,22826
477,"GLICOSE, plasma",Glicose,21640
493,"HEMOGLOBINA GLICADA (A1C), sangue total",Hemoglobina Glicada,20038
458,"GAMA GLUTAMIL TRANSFERASE (GAMA-GT), soro",Gama-GT,18722
422,"FERRITINA, soro",Ferritina,16549
890,"POTASSIO, soro",Potássio,16140
1028,"SODIO, soro",Sódio,15537
1211,URINA TIPO I - JATO MEDIO,"Densidade, urina",15140
1225,URINA TIPO I - JATO MEDIO,"pH, urina",15139
1203,URINA TIPO I - JATO MEDIO,"Aspecto, urina",15138
1220,URINA TIPO I - JATO MEDIO,"Nitrito, urina",15137
1205,URINA TIPO I - JATO MEDIO,"Bilirrubina, urina",15137
1207,URINA TIPO I - JATO MEDIO,"Cor, urina",15137
1208,URINA TIPO I - JATO MEDIO,"Corpos cetônicos, urina",15137
1216,URINA TIPO I - JATO MEDIO,"Glicose, urina isolada",15137
1224,URINA TIPO I - JATO MEDIO,"Urobilinogênio, urina",15137
1223,URINA TIPO I - JATO MEDIO,"Proteínas, urina isolada",15137
25,"ACIDO URICO, soro","Ácido Úrico, soro",15008
911,"PROTEINA C-REATIVA, soro",Proteína C-Reativa,14803
435,"FOSFATASE ALCALINA (ALP), soro",Fosfatase Alcalina,13565
1251,"VITAMINA B-12, soro",Vitamina B-12,12871
426,"FERRO, soro",Ferro,12744
1218,URINA TIPO I - JATO MEDIO,"Leucócitos quantitativo, urina",12579
1214,URINA TIPO I - JATO MEDIO,"Eritrócitos quantitativo, urina",12579
1129,"TIROXINA (T4) LIVRE, soro",T4 Livre - Eletroquimioluminescencia,12131
7,"25 HIDROXI-VITAMINA D, soro",25 Hidroxi - vitamina D,10710
1210,URINA TIPO I - JATO MEDIO,"Células Epiteliais, urina",10366
1206,URINA TIPO I - JATO MEDIO,"Cilindros, urina",10365
196,"CALCIO, soro",Cálcio,10350
173,"BILIRRUBINAS, soro",Bilirrubina Indireta,10240
172,"BILIRRUBINAS, soro",Bilirrubina Direta,10240
174,"BILIRRUBINAS, soro",Bilirrubina Total,10240
1128,"TIROXINA (T4) LIVRE, soro",T4 Livre,9542
1120,"TESTOSTERONA, soro",Testosterona,9462
713,"INSULINA, soro",Insulina,9042
711,"INSULINA, soro",HOMA-IR,8821
8,"25 HIDROXI-VITAMINA D, soro",250H - Vitamina D Total,8423
483,"GLOBULINA LIGADORA DE HORMONIOS SEXUAIS(SHBG), soro",SHBG,8147
569,"HORMONIO FOLICULO ESTIMULANTE (FSH), soro",FSH,8036
379,"ESTRADIOL, soro",Estradiol,7811
762,"MAGNESIO, soro",Magnésio,7754
553,"HEMOSSEDIMENTACAO, sangue total",VHS,7657
1118,"TESTOSTERONA LIVRE,soro",Testosterona livre,7592
571,"HORMONIO LUTEINIZANTE (LH), soro",LH,7495
135,"ANTIGENO PROSTATICO ESPECIFICO(PSA), soro",PSA Total,7334
106,"ANTICORPOS ANTI-VIRUS DA HEPATITE C (Anti-HCV), soro",Anti-HCV,7281
295,"CREATINOQUINASE TOTAL (CK), soro",CK,6910
561,"HIV1/HIV2, ANTICORPOS E ANTÍGENO, soro",HIV1/HIV2,6728
562,"HIV1/HIV2, ANTICORPOS E ANTÍGENO, soro",HIV1/HIV2 - Índice,6724
1076,"TEMPO DE PROTROMBINA, plasma",Tempo de Protrombina,6657
1075,"TEMPO DE PROTROMBINA, plasma",TP/INR,6655
103,"ANTICORPOS ANTI-PEROXIDASE TIROIDIANA, soro",Anticorpos Anti-Peroxidase Tiroidiana,6539
130,"ANTIGENO DE SUPERFICIE DA HEPATITE B, soro",AgHBs,6486
554,"HEPATITE B, ANTICORPO CONTRA ANTIGENO DE SUPERFICIE, soro (Anti-HBs)",Anti-HBs,6318
923,"PROTEINA TOTAL, soro",Proteínas,6245
478,"GLICOSE, soro",Glicose,6008
839,"PARATORMONIO (PTH), MOLECULA INTACTA, soro",PTH,5825
105,"ANTICORPOS ANTI-TIROGLOBULINA, soro",Anticorpos Anti-tiroglobulina,5605
192,"CALCIO IONIZADO, soro",Cálcio Ionizado,5519
1085,"TEMPO DE TROMBOPLASTINA PARCIAL ATIVADA, plasma",TTPA-Normal do dia,5499
1084,"TEMPO DE TROMBOPLASTINA PARCIAL ATIVADA, plasma",TTPA,5499
1086,"TEMPO DE TROMBOPLASTINA PARCIAL ATIVADA, plasma",TTPA-Paciente/Normal,5499
1150,"TRIIODOTIRONINA (T3), soro",Triiodotironina (T3),5414
446,"FOSFORO INORGANICO, soro",Fósforo,5401
54,"AMILASE, soro",Amilase,5270
36,"ALBUMINA, soro",Albumina,4763
903,"PROGESTERONA, soro",Progesterona,4693
270,"CORTISOL, soro",Cortisol,4682
320,"DESIDROGENASE LACTICA (DHL), soro",DHL,4616
90,"ANTICORPO CONTRA O ANTIGENO DO CORE DO VIRUS DA HEPATITE B, soro",Anti-HBc Total,4587
133,"ANTIGENO PROSTATICO ESPECIFICO(PSA), soro",PSA Livre,4543
712,"INSULINA, soro",IMC - Índice de massa corporal,4409
134,"ANTIGENO PROSTATICO ESPECIFICO(PSA), soro",PSA Livre/Total,4358
565,"HOMOCISTEINA, plasma",Homocisteína,4251
985,"SATURAÇÃO DA TRANSFERRINA, soro",Ferro - Grau de Saturação,4216
128,"ANTIGENO CARCINOEMBRIONICO (CEA), soro",CEA,4180
753,"LIPASE, soro",Lipase,4033
1050,"SULFATO DE DEHIDROEPIANDROSTERONA (DHEA-S), soro",DHEA-S,3909
921,"PROTEINA TOTAL E FRACOES, soro",Relação Albumina/Globulina,3602
920,"PROTEINA TOTAL E FRACOES, soro",Proteínas,3602
918,"PROTEINA TOTAL E FRACOES, soro",Albumina,3602
919,"PROTEINA TOTAL E FRACOES, soro",Globulinas,3602
184,"CA-125, soro",CA 125,3504
274,"COVID19, ANTICORPOS IgA, soro","Covid 19, Anticorpos IgA, Elisa - Índice",3486
273,"COVID19, ANTICORPOS IgA, soro","Covid 19, Anticorpos IgA, Elisa",3486
276,"COVID19, ANTICORPOS IgG, soro","Covid 19, Anticorpos IgG, Elisa - Índice",3468
275,"COVID19, ANTICORPOS IgG, soro","Covid 19, Anticorpos IgG, Elisa",3468
1148,"TRIIODOTIRONINA (T3) LIVRE, soro",T3 livre,3412
1131,"TIROXINA (T4), soro",Tiroxina (T4),3398
1021,"SIFILIS, ANTICORPOS CONTRA ANTIGENO NAO TREPONEMICO(CARDIOLIPINA), soro",Sífilis - Floculação,3261
182,"CA 19-9, soro",CA 19-9,3251
1274,"ZINCO, plasma",Zinco,3216
17,"ACIDO FOLICO, soro",Ácido fólico - Eletroquimioluminescência,3180
904,"PROLACTINA (PRL), soro",Prolactina,3087
1026,"SIFILIS, ANTICORPOS TOTAIS ESPECIFICOS ANTI-T.PALLIDUM, soro",Sífilis - Índice quimioluminescente CMIA,3083
1025,"SIFILIS, ANTICORPOS TOTAIS ESPECIFICOS ANTI-T.PALLIDUM, soro",Sífilis - quimioluminescente CMIA,3082
978,"SARS-CoV-2, ANTICORPOS IgM E IgG, TESTE RÁPIDO","Covid 19, Antic IgM/IgG, teste rápido-Observ",3036
981,"SARS-CoV-2, ANTICORPOS IgM E IgG, TESTE RÁPIDO","Covid 19, Material",3036
980,"SARS-CoV-2, ANTICORPOS IgM E IgG, TESTE RÁPIDO","Covid 19, Anticorpos IgM, teste rápido",3036
979,"SARS-CoV-2, ANTICORPOS IgM E IgG, TESTE RÁPIDO","Covid 19, Anticorpos IgG, teste rápido",3036
982,"SARS-CoV-2, ANTICORPOS IgM E IgG, TESTE RÁPIDO","Covid 19,Antic IgM/IgG,teste rápido-Interpret",2988
345,ELETROFORESE DAS PROTEÍNAS SÉRICAS,Eletro - Alfa 2 globulina,2910
347,ELETROFORESE DAS PROTEÍNAS SÉRICAS,Eletro - Beta 2 globulina,2910
342,ELETROFORESE DAS PROTEÍNAS SÉRICAS,Eletro - Albumina,2910
349,ELETROFORESE DAS PROTEÍNAS SÉRICAS,Eletro - Gama globulina,2909
346,ELETROFORESE DAS PROTEÍNAS SÉRICAS,Eletro - Beta 1 globulina,2909
343,ELETROFORESE DAS PROTEÍNAS SÉRICAS,Eletro - Albumina/Globulina,2908
344,ELETROFORESE DAS PROTEÍNAS SÉRICAS,Eletro - Alfa 1 globulina,2908
334,"DIMEROS D, plasma","Dimeros D, quantitativo",2854
906,"PROLACTINA, soro",Prolactina,2842
139,"ANTIGENOS INTRACELULARES, AUTO-ANTICORPOS (FAN)",FAN - Nuclear,2774
138,"ANTIGENOS INTRACELULARES, AUTO-ANTICORPOS (FAN)",FAN - Citoplasmático,2774
137,"ANTIGENOS INTRACELULARES, AUTO-ANTICORPOS (FAN)",FAN - Aparelho Mitótico,2774
140,"ANTIGENOS INTRACELULARES, AUTO-ANTICORPOS (FAN)",FAN - Nucleolar,2774
141,"ANTIGENOS INTRACELULARES, AUTO-ANTICORPOS (FAN)",FAN - Placa Cromossômica Metafásica,2774
16,"ACIDO FOLICO, soro",Ácido fólico,2757
695,"IGF-1 (SOMATOMEDINA C), soro",IGF-1,2686
1217,URINA TIPO I - JATO MEDIO,"Leucócitos qualitativo, urina",2560
1213,URINA TIPO I - JATO MEDIO,"Eritrócitos qualitativo, urina",2560
1134,"TOXOPLASMA, ANTICORPOS IgG, soro","Toxoplasma, IgG",2439
1135,"TOXOPLASMA, ANTICORPOS IgM, soro","Toxoplasma, IgM",2439
486,"GONADOTROFINA CORIONICA HUMANA (HCG), soro",HCG,2417
428,"FIBRINOGENIO, plasma",Fibrinogenio,2330
127,ANTICORPOS TOTAIS CONTRA O VIRUS DA HEPATITE A (Anti-VHA Total),Anti-VHA Total,2319
984,"SATURAÇÃO DA TRANSFERRINA, soro",Ferro - Capac Total ligação,2317
983,"SATURAÇÃO DA TRANSFERRINA, soro",Ferro,2317
332,"DIHIDROTESTOSTERONA (DHT), soro",Dihidrotestosterona,2233
181,"CA 15-3, soro",CA 15-3,2165
234,"CITOMEGALOVIRUS, ANTICORPOS IgG, soro","CMV, IgG",1956
235,"CITOMEGALOVIRUS, ANTICORPOS IgM, soro","CMV, IgM",1951
82,"ANDROSTENEDIONA, soro",Androstenediona,1826
410,"FATOR REUMATOIDE, soro",Fator Reumatóide,1664
966,"RUBEOLA, ANTICORPOS IgG, soro","Rubeola, IgG",1487
967,"RUBEOLA, ANTICORPOS IgM, soro","Rubeola, IgM",1450
48,"ALFA-FETOPROTEINA, soro",Alfa Fetoproteína,1438
1123,"TIPAGEM SANGUÍNEA ABO/RhD, sangue total",Fator Rh,1361
1124,"TIPAGEM SANGUÍNEA ABO/RhD, sangue total",Grupo Sanguíneo,1361
246,"CLORO, soro",Cloro,1358
305,"DEHIDROEPIANDROSTERONA, soro",DHA,1353
1222,URINA TIPO I - JATO MEDIO,Outros - Urina I,1350
456,"FRUTOSAMINA, soro",Frutosamina,1281
381,"ESTRONA (E1), soro",Estrona (E1),1280
578,"HTLV1/2, ANTICORPOS, soro","HTLV1/2, Anticorpos",1222
728,"IgE, IMUNOGLOBULINA, soro","IgE, Imunoglobulina",1188
1126,"TIROGLOBULINA, soro",Tiroglobulina,1183
1023,"SIFILIS, ANTICORPOS TOTAIS ESPECIFICOS ANTI-T.PALLIDUM, soro",Sífilis - Floculação,1167
516,"HEMOGRAMA, sangue total",Bastonetes (%),1098
549,"HEMOGRAMA, sangue total",Segmentados (%),1098
515,"HEMOGRAMA, sangue total",Bastonetes,1098
548,"HEMOGRAMA, sangue total",Segmentados,1098
1209,URINA TIPO I - JATO MEDIO,"Cristais, urina",1080
722,"IgA, IMUNOGLOBULINA, soro","IgA, Imunoglobulina",1070
754,"LIPOPROTEINA Lp(a), soro",Lipoproteina Lp(a),1070
92,"ANTICORPO IgM CONTRA ANTIGENO DO CORE DO VIRUS DA HEPATITE B, soro","Anti-HBc, IgM",1063
1250,"VITAMINA A (retinol), soro","Vitamina A (retinol), soro",1062
696,IGFBP-3 (PROTEINA LIGADORA-3 DO FATOR DE CRESCIMENTO SIMILE A INSULINA),IGFBP3,1042
729,"IgG, IMUNOGLOBULINA, soro","IgG, Imunoglobulina",1003
249,"COBRE, plasma",Cobre,987
401,EXAME PARASITOLOGICO DE FEZES,Parasitológico,960
566,"HORMONIO ADRENOCORTICOTROFICO (ACTH), plasma",ACTH,959
567,"HORMONIO ADRENOCORTICOTROFICO (ACTH), plasma",Período de coleta (horas),959
146,"APOLIPOPROTEINA B, soro",Apolipoproteína B,940
145,"APOLIPOPROTEINA A-1, soro",Apolipoproteína A-1,912
1119,"TESTOSTERONA, soro",Observação,897
15,"ACIDO ASCORBICO, plasma","Ácido ascorbico, plasma",892
730,"IgM, IMUNOGLOBULINA, soro","IgM, Imunoglobulina",891
136,"ANTIGENO e DO VIRUS DA HEPATITE B (AgHBe), soro",AgHBe,876
321,DETECÇÃO DE CHLAMYDIA TRACHOMATIS POR MÉTODO MOLECULAR,Clamidia Trachomatis PCR,866
91,"ANTICORPO CONTRA O ANTIGENO e DO VIRUS DA HEPATITE B (ANTI-HBe), soro",Anti-HBe,860
183,"CA 72-4, soro",CA 72-4,783
89,"ANTICORPO ANTI-RECEPTOR DE TSH (TRAB), soro",TRAB,759
841,"PEPTIDEO C, soro",Peptídio C,759
260,"CONTAGEM DE RETICULOCITOS, sangue total",Reticulócitos %,756
259,"CONTAGEM DE RETICULOCITOS, sangue total",Reticulócitos,756
258,"CONTAGEM DE RETICULOCITOS, sangue total",Fração de reticulócitos imaturos (IRF),756
1212,URINA TIPO I - JATO MEDIO,"Dismorfismo, urina",729
568,"HORMONIO DE CRESCIMENTO (HGH), soro",Hormônio crescimento,714
1003,"SELENIO, plasma","Selenio, soro",703
287,"CREATININA, amostra isolada na urina","Creatinina, urina isolada",661
118,ANTICORPOS IgM CONTRA O VIRUS DA HEPATITE A (ANTI-VHA IgM),"Anti-VHA, IgM",658
525,"HEMOGRAMA, sangue total",Fração Imatura de Plaquetas,623
206,"CARDIOLIPINA, ANTICORPO IgG, soro",Anti-Cardiolipina IgG,622
1159,"TROPONINA I, plasma",Troponina I,619
306,"DEHIDROEPIANDROSTERONA, soro","DHA, Radioimunoensaio",615
207,"CARDIOLIPINA, ANTICORPO IgM, soro",Anti-Cardiolipina IgM,612
1272,"ZIKA VÍRUS, PESQUISA DE ANTICORPOS DA CLASSE IGM, soro",Zika vírus - IgM,608
1273,"ZIKA VÍRUS, PESQUISA DE ANTICORPOS DA CLASSE IGM, soro",Zika vírus - IgM - Índice,608
113,"ANTICORPOS DA CLASSE IgA ANTI-TRANSGLUTAMINASE TECIDUAL, soro",AntiTransglutaminase,605
200,"CALCITONINA, soro",Calcitonina,604
452,"FRACAO C3 DO COMPLEMENTO, soro",C3,584
1249,"VIRUS EPSTEIN BARR (ANTIGENO DO CAPSIDEO VIRAL), ANTICORPOS IgM, soro","Epstein-Barr, IgM",583
114,"ANTICORPOS DA CLASSE IgA ANTI-TRANSGLUTAMINASE TECIDUAL, soro",Observação,578
1248,"VIRUS EPSTEIN BARR (ANTIGENO DO CAPSIDEO VIRAL), ANTICORPOS IgG, soro","Epstein-Barr, IgG",577
453,"FRACAO C4 DO COMPLEMENTO, soro",C4,575
352,"ENDOMISIO, ANTICORPOS IgA, soro","Endomísio, Anticorpos IgA",566
575,"HORMONIO TIROESTIMULANTE (TSH), soro","Observação, TSH",549
1070,"T3 REVERSO, soro",T3 Reverso,549
338,"DNA NATIVO (DUPLA HÉLICE), AUTO-ANTICORPOS, soro",Anti-DNA,548
556,"HERPES SIMPLEX, TIPO 1 e 2, ANTICORPO IgM, soro","Herpes Simplex, Tipo 1 e 2, IgM",531
866,PESQUISA DO PAPILOMAVÍRUS HUMANO (HPV) POR TÉCNICA MOLECULAR,HPV de alto risco,528
87,"ANTICOAGULANTE LUPICO, plasma",Anticoagulante Lupico - Conclusão,527
871,PESQUISA TRICOMONAS,"Tricomonas, secreção vaginal",527
1110,TESTE IMUNOLOGICO PARA PESQUISA DE SANGUE OCULTO NAS FEZES,Sangue Oculto nas fezes,523
203,"CAPACIDADE TOTAL DE LIGAÇÃO DO FERRO, soro",Ferro - Capac Total ligação,520
867,PESQUISA DO PAPILOMAVÍRUS HUMANO (HPV) POR TÉCNICA MOLECULAR,HPV de baixo risco,514
473,"GLIADINA, ANTICORPOS IgA, soro","Gliadina, IgA",513
3,"17-ALFA-HIDROXIPROGESTERONA, soro",17-Alfa-Hidroxiprogesterona,509
49,"ALUMINIO, plasma",Alumínio,506
47,"ALFA-1 GLICOPROTEINA ACIDA, soro",Alfa-1 Glicopr Acida,485
38,"ALBUMINURIA, amostra isolada",Microalbuminúria isolada,484
977,"SARS-COV-2, ANTICORPOS IgG, soro","Covid 19, Anticorpos IgG, Elisa - Índice",481
976,"SARS-COV-2, ANTICORPOS IgG, soro","Covid 19, Anticorpos IgG, Elisa",481
557,"HERPES SIMPLEX, TIPO 1, ANTICORPOS IgG, soro","Herpes Simplex, Tipo 1, IgG",469
487,"GONADOTROFINA CORIONICA HUMANA, soro",HCG,466
970,"SARAMPO, ANTICORPOS IgG, soro","Sarampo, Anticorpos IgG",463
558,"HERPES SIMPLEX, TIPO 2, ANTICORPOS IgG, soro","Herpes Simplex, Tipo 2, IgG",451
142,"ANTISTREPTOLISINA O (ASLO), ANTICORPOS, soro",Antistreptolisina O,450
117,"ANTICORPOS IRREGULARES ANTI-ERITROCITARIOS, soro","Anticorpos irreg. Anti-Eritrocitários, soro",450
1020,"SEROTONINA, soro","Serotonina, soro",441
1221,URINA TIPO I - JATO MEDIO,Observação,440
971,"SARAMPO, ANTICORPOS IgM, soro","Sarampo, Anticorpos IgM",431
1265,"VÍRUS DA IMUNODEFICIÊNCIA HUMANA-1 (HIV-1), QUANTIFICAÇÃO DO RNA",HIV-1 Quantificação,420
326,DETECÇÃO DE NEISSERIA GONORRHOEAE POR PCR,Neisseria Gonorrhoeae PCR,413
474,"GLIADINA, ANTICORPOS IgG, soro","Gliadina, IgG",412
41,"ALDOSTERONA, soro",Aldosterona,412
269,"CORTISOL, saliva","Cortisol, saliva",408
175,"BNP - PEPTIDEO NATRIURETICO TIPO B, plasma",BNP,405
1256,"VITAMINA E (tocoferol), soro","Vitamina E (tocoferol), soro",399
910,"PROTEINA C-REATIVA, plasma",Proteína C-Reativa,387
244,"CKMB massa, plasma","CK-MB, Eletroquimioluminescência",363
289,"CREATININA, plasma",Creatinina,363
1139,"TRANSFERRINA, soro",Transferrina,360
876,"PLAQUETAS, sangue total",Plaquetas,356
745,"LINFOCITOS T AUXILIADORES, sangue",Linfócitos T CD4+,353
40,"ALDOLASE, soro",Aldolase,352
877,"PLAQUETAS, sangue total",Volume plaquetário médio,347
750,"LINFÓCITOS T SUPRESSORES, sangue",Linfócitos T CD8+,319
163,"BETA 2 MICROGLOBULINA, soro",Beta 2 Microglobulina,317
751,"LINFÓCITOS T SUPRESSORES, sangue",Relação CD4+/CD8+,316
1164,"UREIA, plasma",Uréia,316
228,"CHUMBO, sangue","Chumbo, sangue",306
39,"ALBUMINURIA, amostra isolada",Microalbuminúria isolada/Creatinina,298
224,"CHLAMYDIA TRACHOMATIS, ANTICORPOS IgG, soro","Chlamydia Trachomatis, IgG",294
674,"IGE ESPECIFICO, HX2 - POEIRA, soro",Rast - HX2 - Poeira,287
969,"Ro/SS-A, AUTO-ANTICORPOS, soro",Ro/SS-A,283
584,"IGE ESPECIFICO, D201 - BLOMIA TROPICALIS, soro",Rast - D201 - Blomia tropicalis,281
199,"CALCIO, urina",Volume (mL),259
198,"CALCIO, urina",Período de coleta (horas),259
1245,"VARICELLA-ZOSTER VIRUS, ANTICORPOS IgG, soro","Varicella-Zoster, anticorpos IgG",259
197,"CALCIO, urina","Cálcio, Urina 24h",259
4,"17-ALFA-HIDROXIPROGESTERONA, soro",17-alfa-hidroxiprogesterona,248
238,"CITOPLASMA DE NEUTROFILOS, ANTICORPOS (c-ANCA e p-ANCA), soro",ANCA,248
350,ELETROFORESE DAS PROTEÍNAS SÉRICAS,Eletro - Observação,248
1271,"ZIKA VÍRUS, PESQUISA DE ANTICORPOS DA CLASSE IGG, soro",Zika vírus - IgG - Índice,246
1270,"ZIKA VÍRUS, PESQUISA DE ANTICORPOS DA CLASSE IGG, soro",Zika vírus - IgG,246
1246,"VARICELLA-ZOSTER VIRUS, ANTICORPOS IgM, soro","Varicella-Zoster, anticorpos IgM",243
699,IMUNOFIXAÇÃO DAS PROTEÍNAS SÉRICAS,"Proteínas Séricas, imunofixação",239
576,"HORMÔNIO ANTI-MULLERIANO, soro",Hormônio Anti-mulleriano,238
864,PESQUISA DO PAPILOMAVÍRUS HUMANO (HPV) DE ALTO RISCO POR TÉCNICA MOLECULAR,HPV de alto risco,238
889,"POTASSIO, plasma",Potássio,237
743,"LINFOCITOS T AUXILIADORES E SUPRESSORES, sangue",Linfócitos T CD8+,236
744,"LINFOCITOS T AUXILIADORES E SUPRESSORES, sangue",Relação CD4+/CD8+,236
741,"LINFOCITOS T AUXILIADORES E SUPRESSORES, sangue",Linfócitos T CD3+,236
742,"LINFOCITOS T AUXILIADORES E SUPRESSORES, sangue",Linfócitos T CD4+,236
255,COMPLEMENTO TOTAL,Complemento Total,236
310,"DENGUE, ANTICORPOS IgM, PROVA RÁPIDA, soro","Dengue, IgM",233
592,"IGE ESPECIFICO, E5 - EPITELIO OU PELO DE CAO, soro",Rast - E5 - epitélio de cão,232
380,"ESTRIOL, soro",Estriol,229
685,"IGE ESPECIFICO, MX1 - FUNGOS, soro",Rast - MX1 - Fungos,228
909,"PROTEINA C, plasma",Proteína C,226
403,"Eletroforese DE HEMOGLOBINA, sangue total",Hemoglobina A,225
404,"Eletroforese DE HEMOGLOBINA, sangue total",Hemoglobina A2,225
405,"Eletroforese DE HEMOGLOBINA, sangue total",Hemoglobina F,225
143,"ANTITROMBINA, plasma",Antitrombina III,221
308,"DENGUE, ANTICORPOS IgG, PROVA RÁPIDA, soro","Dengue, IgG",219
1027,"SODIO, plasma",Sódio,219
1121,"TESTOSTERONA, soro","Testosterona, massa",216
256,"COMPLEMENTO TOTAL, atividade funcional , soro",Complemento Total,214
582,"IGE ESPECIFICO, D1 - D. PTERONYSSINUS, soro",Rast - D1 - D. Pteronyssinus,209
975,"SARS-COV-2, ANTICORPOS IgG, soro","Covid 19, Anticorpos IgA, Elisa - Índice",208
974,"SARS-COV-2, ANTICORPOS IgG, soro","Covid 19, Anticorpos IgA, Elisa",208
757,"La/SS-B, AUTO-ANTICORPOS, soro",La/SS-B - ensaio imunoenzimático,208
973,"SARS-COV-2, ANTICORPOS IgG, soro","Covid 19, Antic IgA/IgG, Elisa-Interpretação",208
972,"SARS-COV-2, ANTICORPOS IgG, soro","Covid 19, Antic IgA/IgG, Elisa - observação",208
589,"IGE ESPECIFICO, E1 - DESCAMACAO - PELE DE GATO, soro",Rast - E1 - Descamação pele de gato,205
842,"PEPTIDEO CITRULINADO CICLICO (CCP), AUTO-ANTICORPOS, soro","CCP, Auto-Anticorpos",202
0,"1,25-DIHIDROXIVITAMINA D, soro","Vitamina D, 1,25 Dihidroxi",202
225,"CHLAMYDIA TRACHOMATIS, ANTICORPOS IgM, soro","Chlamydia Trachomatis, IgM",198
606,"IGE ESPECIFICO, F2 - LEITE DE VACA, soro",Rast - F2 - Leite de vaca,197
913,"PROTEINA S LIVRE, plasma",Proteína S Livre,197
716,"INTERLIGADORES C-TERMINAIS DO COLAGENO TIPO I, soro",CTX,195
583,"IGE ESPECIFICO, D2 - D. FARINAE, soro",Rast - D2 - D. Farinae,195
758,"LÍTIO, soro",Lítio,193
293,"CREATININA, urina",Período de coleta (horas),192
552,"HEMOGRAMA, sangue total",Índice de Green & King,189
294,"CREATININA, urina",Volume (mL),187
1033,"SS-A/Ro e SS-B/La, AUTO-ANTICORPOS, soro",Ro/SS-A,185
1032,"SS-A/Ro e SS-B/La, AUTO-ANTICORPOS, soro",La/SS-B,185
1053,"Sm, AUTO-ANTICORPOS, soro","Sm, Auto-Anticorpos",184
667,"IGE ESPECIFICO, FX2 - ALIMENTOS, soro",Rast - FX2 - Alimentos,182
555,"HERPES SIMPLEX, TIPO  1 e 2, ANTICORPOS IgG, soro","Herpes Simplex, Tipo 1 e 2, IgG",181
307,"DEHIDROEPIANDROSTERONA, soro",Observação,180
1255,"VITAMINA B6, sangue total","Vitamina B6, sangue",179
365,ESPERMOGRAMA,Hemácias,173
368,ESPERMOGRAMA,Motilidade total,173
371,ESPERMOGRAMA,Volume ejaculado,173
366,ESPERMOGRAMA,Leucócitos - Esperma,173
361,ESPERMOGRAMA,Concentração/mL,173
369,ESPERMOGRAMA,Total de espermatozoides PR + NP,173
927,"PROTEINAS, urina",Período de coleta (horas),172
929,"PROTEINAS, urina","Proteínas, Urina 24h",172
930,"PROTEINAS, urina",Volume (mL),172
928,"PROTEINAS, urina",Proteínas,172
223,"CERULOPLASMINA, soro",Ceruloplasmina,170
992,SEDIMENTO URINARIO - JATO MEDIO,"Células Epiteliais, urina",170
936,"PROTEÍNA S TOTAL, plasma",Proteína S Livre,170
994,SEDIMENTO URINARIO - JATO MEDIO,"Eritrócitos quantitativo, urina",170
937,"PROTEÍNA S TOTAL, plasma",Proteína S Total,170
995,SEDIMENTO URINARIO - JATO MEDIO,"Leucócitos quantitativo, urina",170
1054,"Sm/RNP, AUTO-ANTICORPOS, soro","RNP, Auto-Anticorpos",169
1055,"Sm/RNP, AUTO-ANTICORPOS, soro","Sm, Auto-Anticorpos",169
1252,"VITAMINA B1, sangue total","Vitamina B1, sangue",166
791,"MYCOPLASMA HOMINIS E MYCOPLASMA GENITALIUM, DETECÇÃO DO DNA POR PCR",Mycoplasma hominis,163
790,"MYCOPLASMA HOMINIS E MYCOPLASMA GENITALIUM, DETECÇÃO DO DNA POR PCR",Mycoplasma genitalium,163
1161,"UREAPLASMA UREALYTICUM E UREAPLASMA PARVUM, DETECÇÃO DO DNA POR PCR",Ureaplasma parvum,162
1162,"UREAPLASMA UREALYTICUM E UREAPLASMA PARVUM, DETECÇÃO DO DNA POR PCR",Ureaplasma urealyticum,162
353,"ENDOMISIO, ANTICORPOS IgG, soro","Endomisio, Anticorpos IgG",160
925,"PROTEINAS, amostra isolada de urina","Proteínas, urina isolada",157
1074,"TEMPO DE PROTROMBINA, URGENTE, plasma",Tempo de Protrombina,155
1073,"TEMPO DE PROTROMBINA, URGENTE, plasma",TP/INR,155
1180,URINA TIPO I,"Glicose, urina isolada",155
1188,URINA TIPO I,"pH, urina",155
1187,URINA TIPO I,"Urobilinogênio, urina",155
1169,URINA TIPO I,"Aspecto, urina",155
1170,URINA TIPO I,"Bilirrubina, urina",155
1172,URINA TIPO I,"Cor, urina",155
1186,URINA TIPO I,"Proteínas, urina isolada",155
1173,URINA TIPO I,"Corpos cetônicos, urina",155
1176,URINA TIPO I,"Densidade, urina",155
1183,URINA TIPO I,"Nitrito, urina",155
309,"DENGUE, ANTICORPOS IgG, soro","Dengue, IgG",153
669,"IGE ESPECIFICO, FX5 - ALIMENTOS, soro",Rast - FX5 - Alimentos,152
481,"GLICOSE-6-FOSFATO DESIDROGENASE (G6PD), eritrócitos",Glicose-6-Fosfato Desidrogenase (G6PD),152
672,"IGE ESPECIFICO, GX2 - GRAMINEAS, soro",Rast - GX2 - Gramíneas,151
311,"DENGUE, ANTICORPOS IgM, soro","Dengue, IgM",151
457,"GAMA GLUTAMIL TRANSFERASE (GAMA-GT), plasma",Gama-GT,148
1078,TEMPO DE SANGRAMENTO,Tempo de Sangramento,148
1116,"TESTOSTERONA LIVRE, soro","Testosterona livre, massa",147
1179,URINA TIPO I,"Eritrócitos quantitativo, urina",146
1182,URINA TIPO I,"Leucócitos quantitativo, urina",146
532,"HEMOGRAMA, sangue total",Metamielócitos,145
533,"HEMOGRAMA, sangue total",Metamielócitos (%),145
298,"CROMO, plasma",Cromo,144
1175,URINA TIPO I,"Células Epiteliais, urina",138
1171,URINA TIPO I,"Cilindros, urina",138
164,"BETA-2 GLICOPROTEINA I, ANTICORPOS IgG, soro","Beta 2 Glicoproteina I, Anticorpos IgG",137
1022,"SIFILIS, ANTICORPOS TOTAIS ESPECIFICOS ANTI-T.PALLIDUM, soro",Sifilis - Índice imunoenzimático,137
1024,"SIFILIS, ANTICORPOS TOTAIS ESPECIFICOS ANTI-T.PALLIDUM, soro",Sífilis - imunoenzimático,136
348,ELETROFORESE DAS PROTEÍNAS SÉRICAS,Eletro - Componente Monoclonal,135
594,"IGE ESPECIFICO, EX1 - ANIMAIS, soro",Rast - EX1 - Animais,134
768,"MERCURIO, sangue total","Mercúrio, sangue - Espectrometria de massa",134
318,DEPURACAO DE CREATININA ENDOGENA,Volume (mL),132
317,DEPURACAO DE CREATININA ENDOGENA,Superfície Corporal,132
313,DEPURACAO DE CREATININA ENDOGENA,"Creatinina, Depuração",132
316,DEPURACAO DE CREATININA ENDOGENA,Intervalo de tempo,132
292,"CREATININA, urina",Excreção no volume enviado,132
315,DEPURACAO DE CREATININA ENDOGENA,Depuração - Altura,132
312,DEPURACAO DE CREATININA ENDOGENA,Creatinina,132
314,DEPURACAO DE CREATININA ENDOGENA,"Creatinina, Depuração corrigida",132
476,"GLICOSE, POS PRANDIAL, plasma",Glicose pós prandial,131
650,"IGE ESPECIFICO, F78 - CASEINA, soro",Rast - F78 - Caseina,129
165,"BETA-2 GLICOPROTEINA I, ANTICORPOS IgM, soro","Beta 2 Glicoproteina I, Anticorpos IgM",129
766,"MANGANES, plasma","Manganês, soro",129
651,"IGE ESPECIFICO, F79 - GLUTEN, soro",Rast - F79 - Gluten,125
243,"CITRATO, urina",Volume (mL),125
219,"CAXUMBA, ANTICORPOS IgG, soro","Caxumba, IgG",125
242,"CITRATO, urina",Período de coleta (horas),125
598,"IGE ESPECIFICO, F1 - CLARA DE OVO, soro",Rast - F1 - Clara de ovo,125
572,"HORMONIO LUTEINIZANTE (LH), soro",LH Pediátrico,124
788,"MUSCULO LISO, AUTO-ANTICORPOS, soro",Musculo liso-Fibrilas Tubulares Extracelulare,124
785,"MUSCULO LISO, AUTO-ANTICORPOS, soro",Musculo liso - Bainha Muscular de Vaso,124
786,"MUSCULO LISO, AUTO-ANTICORPOS, soro",Musculo liso - Mesangio Glomerular,124
787,"MUSCULO LISO, AUTO-ANTICORPOS, soro",Musculo liso - Muscularis Mucosa,124
241,"CITRATO, urina","Citrato, urina",123
220,"CAXUMBA, ANTICORPOS IgM, soro","Caxumba, IgM",123
665,"IGE ESPECIFICO, FX1 - ALIMENTOS, soro",Rast - Fx1 - Alimentos,122
564,"HLA-B27, GENOTIPAGEM, sangue","HLA-B27, Genotipagem",122
364,ESPERMOGRAMA,Espermatozóides progressivos PR,121
363,ESPERMOGRAMA,Espermatozóides não progressivos NP,121
965,"RNP, AUTO-ANTICORPOS, soro","RNP, Auto-Anticorpos - ensaio imunoenzimático",121
362,ESPERMOGRAMA,Espermatozóides imóveis IM,121
171,"BILIRRUBINAS, plasma",Bilirrubina Total,120
169,"BILIRRUBINAS, plasma",Bilirrubina Direta,120
170,"BILIRRUBINAS, plasma",Bilirrubina Indireta,120
602,"IGE ESPECIFICO, F14 - SOJA, soro",Rast - F14 - Soja,119
633,"IGE ESPECIFICO, F4 - TRIGO, soro",Rast - F4 - Trigo,118
367,ESPERMOGRAMA,Morfologia estrita,117
1052,"Scl-70, AUTO-ANTICORPOS, soro","Scl-70, Auto-Anticorpos - imunodifusão dupla",117
27,"ACIDO URICO, urina",Volume (mL),116
28,"ACIDO URICO, urina","Ácido Úrico, urina",116
26,"ACIDO URICO, urina",Período de coleta (horas),116
201,"CALPROTECTINA, fezes",Calprotectina,115
648,"IGE ESPECIFICO, F76 - ALFA-LACTOALBUMINA, soro",Rast - F76 - Alfa-lactoalbumina,114
1040,"SUBCLASSES DE IMUNOGLOBULINA G, soro",IgG4,113
1082,"TEMPO DE TROMBOPLASTINA PARCIAL ATIVADA, URGENTE, plasma",TTPA-Normal do dia,111
649,"IGE ESPECIFICO, F77 - BETA-LACTOGLOBULINA, soro",Rast - F77 - Beta-lactoglobulina,111
1081,"TEMPO DE TROMBOPLASTINA PARCIAL ATIVADA, URGENTE, plasma",TTPA,111
1083,"TEMPO DE TROMBOPLASTINA PARCIAL ATIVADA, URGENTE, plasma",TTPA-Paciente/Normal,111
319,"DESIDROGENASE LACTICA (DHL), plasma",DHL,108
807,"OXALATO, urina",Volume (mL),105
805,"OXALATO, urina","Oxalato, urina",105
1152,"TRIPANOSSOMA CRUZI, anticorpos IgG, soro","Tripanossoma Cruzi - IgG, IFI",105
806,"OXALATO, urina",Período de coleta (horas),105
1117,"TESTOSTERONA LIVRE,soro",Observação,105
1151,"TRIPANOSSOMA CRUZI, anticorpos IgG, soro","Tripanossoma Cruzi - IgG, Elisa",104
1087,"TEMPO DE TROMBOPLASTINA PARCIAL ATIVADA, plasma",TTPA-Paciente/Normal (após mistura),104
668,"IGE ESPECIFICO, FX3 - ALIMENTOS, soro",Rast - FX3 - Alimentos,104
335,"DIOXIDO DE CARBONO TOTAL, soro",Dióxido de carbono total,103
767,"MERCURIO, sangue total","Mercúrio, sangue - Absorção Atômica",101
615,"IGE ESPECIFICO, F24 - CAMARAO, soro",Rast - F24 - Camarão,98
101,"ANTICORPOS ANTI-MITOCONDRIA, soro","Anti-mitocondrial fração M2, Anticorpo",98
360,"ERITROVIRUS B19, ANTICORPOS IgM, soro","Eritrovírus B19, IgM",96
1244,URINA TIPO I - PRIMEIRO JATO,"pH, urina 1J",95
535,"HEMOGRAMA, sangue total",Mielócitos (%),95
414,FATOR V LEIDEN E MUTAÇÃO c.20210G>A DO GENE DA PROTROMBINA,Protrombina 20210G>A,95
1239,URINA TIPO I - PRIMEIRO JATO,"Nitrito, urina 1J",95
451,FRACAO C2 DO COMPLEMENTO,C2,95
1242,URINA TIPO I - PRIMEIRO JATO,"Proteínas, urina 1J",95
1243,URINA TIPO I - PRIMEIRO JATO,"Urobilinogênio, urina 1J",95
1236,URINA TIPO I - PRIMEIRO JATO,"Glicose, urina 1J",95
534,"HEMOGRAMA, sangue total",Mielócitos,95
413,FATOR V LEIDEN E MUTAÇÃO c.20210G>A DO GENE DA PROTROMBINA,Fator V Leiden,95
37,ALBUMINURIA,Microalbuminúria,95
1232,URINA TIPO I - PRIMEIRO JATO,"Densidade, urina 1J",95
359,"ERITROVIRUS B19, ANTICORPOS IgG, soro","Eritrovírus B19, IgG",95
1230,URINA TIPO I - PRIMEIRO JATO,"Corpos cetônicos, urina 1J",95
1229,URINA TIPO I - PRIMEIRO JATO,"Cor, urina 1J",95
1227,URINA TIPO I - PRIMEIRO JATO,"Bilirrubina, urina 1J",95
1226,URINA TIPO I - PRIMEIRO JATO,"Aspecto, urina 1J",95
601,"IGE ESPECIFICO, F13 - AMENDOIM, soro",Rast - F13 - Amendoim,94
963,"RENINA, ATIVIDADE PLASMÁTICA",Renina,93
1238,URINA TIPO I - PRIMEIRO JATO,"Leucócitos quantitativo, urina 1J",93
737,"LEPTINA, soro","Leptina, soro",93
703,"INFLUENZA A E B, TESTE RAPIDO, VARIOS MATERIAIS",Influenza A e B - teste rápido,93
1235,URINA TIPO I - PRIMEIRO JATO,"Eritrócitos quantitativo, urina 1J",93
1088,TESTE DA ANTIGLOBULINA DIRETO (TAD) - COOMBS DIRETO,Coombs direto,90
783,"MIOGLOBINA, plasma",Mioglobina,90
647,"IGE ESPECIFICO, F75 - GEMA DE OVO, soro",Rast - F75 - Gema de ovo,89
1037,"SUBCLASSES DE IMUNOGLOBULINA G, soro",IgG1,88
1038,"SUBCLASSES DE IMUNOGLOBULINA G, soro",IgG2,88
1039,"SUBCLASSES DE IMUNOGLOBULINA G, soro",IgG3,88
433,"FOSFATASE ACIDA, soro",Fosfatase Ácida - Total,88
1031,"SODIO, urina",Volume (mL),85
1029,"SODIO, urina","Sódio, urina  24h no volume enviado",85
488,"GORDURAS, PESQUISA NAS FEZES",Gorduras Neutras,85
489,"GORDURAS, PESQUISA NAS FEZES",Ácidos graxos e sabões,85
779,"METILENOTETRAHIDROFOLATO REDUTASE (MTHFR), MUTAÇÕES c.677C>T E c.1298A>C","Metilenotetraidrofolato redutase, mut. A1298C",85
1030,"SODIO, urina","Sódio, urina 24h",85
780,"METILENOTETRAHIDROFOLATO REDUTASE (MTHFR), MUTAÇÕES c.677C>T E c.1298A>C","Metilenotetraidrofolato redutase, mut. C677T",85
1262,"VÍRUS DA HEPATITE C (HCV), PESQUISA E QUANTIFICAÇÃO DO RNA",HCV - Quantificação,84
1114,TESTE TUBERCULINICO COM PPD,PPD - Enduração,84
205,"CARDIOLIPINA, ANTICORPO IgA, soro","AntiCardiolipina IgA, soro",84
416,"FATOR VIII DA COAGULACAO, plasma",Fator VIII,82
926,"PROTEINAS, amostra isolada de urina",Relação Proteínas/Creatinina,79
739,"LINFOCITOS B (CD-19), sangue",Linfocitos CD-19,79
1228,URINA TIPO I - PRIMEIRO JATO,"Cilindros, urina 1J",78
1231,URINA TIPO I - PRIMEIRO JATO,"Células Epiteliais, urina 1J",78
1204,URINA TIPO I - JATO MEDIO,"Bactérias, urina",77
333,"DIHIDROTESTOSTERONA (DHT), soro",Observação,76
434,"FOSFATASE ALCALINA (ALP), plasma",Fosfatase Alcalina,76
740,"LINFOCITOS NATURAL KILLER, sangue",Linfócitos Natural Killer,76
490,"HAPTOGLOBINA, soro",Haptoglobina,74
686,"IGE ESPECIFICO, MX2 - FUNGOS, soro",Rast - MX2 - Fungos,73
662,"IGE ESPECIFICO, F93 - CACAU (CHOCOLATE), soro",Rast - F93 - Cacau (Chocolate),73
1115,"TESTOSTERONA BIODISPONIVEL, soro",Testosterona Biodisponível,72
1266,"VÍRUS DA IMUNODEFICIÊNCIA HUMANA-1 (HIV-1), QUANTIFICAÇÃO DO RNA",HIV-1 UI/mL,72
1264,"VÍRUS DA IMUNODEFICIÊNCIA HUMANA-1 (HIV-1), QUANTIFICAÇÃO DO RNA",HIV-1 Log,72
1146,TRICOMONAS,"Tricomonas, urina",71
799,"NT-PRO BNP (FRAGMENTO N-TERMINAL DO PEPTÍDEO NATRIURÉTICO TIPO B), plasma",NT-PRO BNP,71
102,"ANTICORPOS ANTI-MITOCONDRIA, soro","Anti-mitocondrial, Anticorpo",71
402,EXAME PARASITOLOGICO DE FEZES (MIF),Parasitológico,70
1140,"TRANSGLUTAMINASE TECIDUAL, IgG, soro","Transglutaminase tecidual, IgG",67
454,"FRACAO MICROSSOMAL(LKM), AUTO-ANTICORPOS, soro",LKM,67
301,"Clostridioides (Clostridium) difficile, PESQUISA DE TOXINAS A e B",Clostridium difficile,66
482,"GLOBULINA LIGADORA DA TIROXINA (TBG), soro",Globulina ligadora da tiroxina (TBG),66
933,"PROTEÍNA E RELAÇÃO PROTEÍNA/CREATININA, amostra isolada de urina","Creatinina, urina isolada",66
905,"PROLACTINA, soro",Observação,66
45,"ALFA-1 ANTI-TRIPSINA, fezes","Alfa-1 Anti-tripsina, fezes",66
934,"PROTEÍNA E RELAÇÃO PROTEÍNA/CREATININA, amostra isolada de urina","Proteínas, urina isolada",66
450,"FOSFORO INORGANICO, urina",Volume (mL),65
189,"CADEIA LEVE DE IMUNOGLOBULINA LIVRE, soro",Relação kappa/lambda,65
129,ANTIGENO DA GIARDIA LAMBLIA,"Giardia Lamblia, antigeno",65
449,"FOSFORO INORGANICO, urina",Período de coleta (horas),65
187,"CADEIA LEVE DE IMUNOGLOBULINA LIVRE, soro",Cadeias lambda livres,65
448,"FOSFORO INORGANICO, urina","Fósofor inorgânico, urina - no volume enviado",65
447,"FOSFORO INORGANICO, urina","Fósforo Inorgânico, urina",65
761,"MAGNESIO, plasma",Magnésio,65
185,"CADEIA LEVE DE IMUNOGLOBULINA LIVRE, soro",Cadeias kappa livres,65
872,PESQUISA de OVOS e LARVAS DE HELMINTOS e CISTOS DE PROTOZOÁRIOS nas FEZES,Parasitológico,64
804,"OSTEOCALCINA, soro","Osteocalcina, soro",64
1278,"ÁCIDO LÁCTICO, plasma","Lactato, plasma",64
475,"GLICOSE POS PRANDIAL, plasma",Glicose pós prandial,63
748,"LINFOCITOS T TOTAIS (CD-3), sangue",Linfócitos T CD3+,63
291,"CREATININA, urina","Creatinina, urina",62
231,"CISTATINA C, soro",Cistatina C,61
1153,"TRIPANOSSOMA CRUZI, anticorpos Totais, soro","Tripanossoma Cruzi - IgG, Elisa",61
1051,"SULFATO DE DEHIDROEPIANDROSTERONA (DHEA-S), soro",Observação,61
1049,"SUBUNIDADE B LIVRE DA GONADOTROFINA CORIÔNICA HUMANA, soro",HCG - Subunidade B Livre,61
400,EXAME DE URINA POR SONDAGEM VESICAL,"pH, urina",60
393,EXAME DE URINA POR SONDAGEM VESICAL,"Glicose, urina isolada",60
395,EXAME DE URINA POR SONDAGEM VESICAL,"Nitrito, urina",60
394,EXAME DE URINA POR SONDAGEM VESICAL,"Leucócitos quantitativo, urina",60
390,EXAME DE URINA POR SONDAGEM VESICAL,"Densidade, urina",60
392,EXAME DE URINA POR SONDAGEM VESICAL,"Eritrócitos quantitativo, urina",60
398,EXAME DE URINA POR SONDAGEM VESICAL,"Proteínas, urina isolada",60
389,EXAME DE URINA POR SONDAGEM VESICAL,"Células Epiteliais, urina",60
385,EXAME DE URINA POR SONDAGEM VESICAL,"Bilirrubina, urina",60
388,EXAME DE URINA POR SONDAGEM VESICAL,"Corpos cetônicos, urina",60
387,EXAME DE URINA POR SONDAGEM VESICAL,"Cor, urina",60
384,EXAME DE URINA POR SONDAGEM VESICAL,"Aspecto, urina",60
386,EXAME DE URINA POR SONDAGEM VESICAL,"Cilindros, urina",60
399,EXAME DE URINA POR SONDAGEM VESICAL,"Urobilinogênio, urina",60
412,FATOR V LEIDEN,Fator V Leiden,59
732,"JO-1, AUTO-ANTICORPOS, soro","Jo-1, Auto-Anticorpos-ensaio imunoenzimático",59
179,"BRUCELOSE, ANTICORPOS, soro","Brucelose, prova rápida, em lâmina",59
755,"LISTERIA, ANTICORPOS TOTAIS, soro","Listeria, anticorpos anti monocytogenes",59
1018,"SERIE VERMELHA, sangue total",VCM,59
1016,"SERIE VERMELHA, sangue total","Morfologia, Série Vermelha",59
1015,"SERIE VERMELHA, sangue total",Hemoglobina Corpuscular Média,59
1014,"SERIE VERMELHA, sangue total",Hemoglobina,59
1013,"SERIE VERMELHA, sangue total",Hematócrito,59
1012,"SERIE VERMELHA, sangue total",Eritrócitos,59
1011,"SERIE VERMELHA, sangue total",Concentração de Hemoglobina Corpuscular,59
678,"IGE ESPECIFICO, I6 - BARATA, soro",Rast - I6 - Barata,59
1017,"SERIE VERMELHA, sangue total",RDW,59
943,PROVA RAPIDA PARA DETECCAO DE ESTREPTOCOCO BETA-HEMOLITICO DO GRUPO A,Estreptococos Beta Hemolíticos do Grupo A,59
471,"GASTRINA, soro","Gastrina, soro",58
721,"ISOENZIMAS DA AMILASE, soro",Amilase salivar,57
560,"HIV-1, ANTICORPOS, soro",Western-Blot,57
466,GASOMETRIA VENOSA,HCO3 venoso,57
296,"CREATINOQUINASE TOTAL (CPK), plasma",CK,57
467,GASOMETRIA VENOSA,Sat O2 venoso,57
465,GASOMETRIA VENOSA,BE venoso,57
470,GASOMETRIA VENOSA,pO2 venoso,57
469,GASOMETRIA VENOSA,pH venoso,57
468,GASOMETRIA VENOSA,pCO2 venoso,57
720,"ISOENZIMAS DA AMILASE, soro",Amilase pancreatica,57
719,"ISOENZIMAS DA AMILASE, soro",Amilase,57
570,"HORMONIO FOLICULO ESTIMULANTE (FSH), soro",Observação,56
432,"FOSFATASE ACIDA, soro",Fosfatase Ácida - Prostática,55
765,"MAGNESIO, urina",Volume (mL),54
764,"MAGNESIO, urina",Período de coleta (horas),54
962,"RENINA, ATIVIDADE PLASMÁTICA",Relação Aldosterona/Renina,54
763,"MAGNESIO, urina","Creatinina, urina",54
126,ANTICORPOS NEUTRALIZANTES CONTRA O VIRUS COXSACKIE B,Vírus Coxsackie - B6,53
124,ANTICORPOS NEUTRALIZANTES CONTRA O VIRUS COXSACKIE B,Vírus Coxsackie - B4,53
121,ANTICORPOS NEUTRALIZANTES CONTRA O VIRUS COXSACKIE B,Vírus Coxsackie - B1,53
122,ANTICORPOS NEUTRALIZANTES CONTRA O VIRUS COXSACKIE B,Vírus Coxsackie - B2,53
125,ANTICORPOS NEUTRALIZANTES CONTRA O VIRUS COXSACKIE B,Vírus Coxsackie - B5,53
123,ANTICORPOS NEUTRALIZANTES CONTRA O VIRUS COXSACKIE B,Vírus Coxsackie - B3,53
619,"IGE ESPECIFICO, F26 - CARNE DE PORCO, soro",Rast - F26 - Carne de porco,52
935,"PROTEÍNA E RELAÇÃO PROTEÍNA/CREATININA, amostra isolada de urina",Relação Proteínas/Creatinina,52
24,"ACIDO URICO, plasma","Ácido Úrico, soro",52
327,DETECÇÃO DE VÍRUS E BACTÉRIAS DO TRATO RESPIRATÓRIO POR TÉCNICA MOLECULAR,Vírus Respiratórios - Detecção molecular,52
107,"ANTICORPOS ANTI-VIRUS DA HEPATITE C (Anti-HCV), soro",Observação,51
29,"ACIDO VALPROICO, soro",Ácido Valpróico,51
1184,URINA TIPO I,Observação,51
186,"CADEIA LEVE DE IMUNOGLOBULINA LIVRE, soro",Cadeias kappa livres (mg/L),50
188,"CADEIA LEVE DE IMUNOGLOBULINA LIVRE, soro",Cadeias lambda livres (mg/L),50
42,"ALDOSTERONA, soro",Observação,50
861,PESQUISA DE VIRUS RESPIRATORIOS,Vírus respiratórios - detecção,49
329,DETERMINAÇÃO DO SEXO FETAL PELA ANÁLISE DO SANGUE MATERNO,DNA Fetal,48
330,DETERMINAÇÃO DO SEXO FETAL PELA ANÁLISE DO SANGUE MATERNO,DNA Fetal - Conclusão,48
265,"CORTISOL LIVRE, urina de 24 horas",Cortisona Livre,47
681,"IGE ESPECIFICO, K82 - LATEX, soro",Rast - K82 - Latéx,47
263,"CORTISOL LIVRE, urina de 24 horas",Cortisol Livre,47
268,"CORTISOL LIVRE, urina de 24 horas",Volume (mL),47
46,"ALFA-1 ANTI-TRIPSINA, soro","Alfa-1 Anti-tripsina, soro",46
885,"PNEUMOCOCOS, ANTICORPOS IgG, soro","Pneumococos, IgG-9V",46
267,"CORTISOL LIVRE, urina de 24 horas",Relação Cortisol/Cortisona,46
879,"PNEUMOCOCOS, ANTICORPOS IgG, soro","Pneumococos, IgG - 4",46
884,"PNEUMOCOCOS, ANTICORPOS IgG, soro","Pneumococos, IgG-6B",46
266,"CORTISOL LIVRE, urina de 24 horas","Cortisona Livre, Urina 24h",46
883,"PNEUMOCOCOS, ANTICORPOS IgG, soro","Pneumococos, IgG-23F",46
882,"PNEUMOCOCOS, ANTICORPOS IgG, soro","Pneumococos, IgG-19F",46
881,"PNEUMOCOCOS, ANTICORPOS IgG, soro","Pneumococos, IgG-18C",46
880,"PNEUMOCOCOS, ANTICORPOS IgG, soro","Pneumococos, IgG-14",46
190,"CADMIO, sangue",Cadmio,45
1034,"SS-A/Ro e SS-B/La, AUTO-ANTICORPOS, soro",Ro/SS-A - La/SS-B - Triagem,45
789,MUTAÇÃO c.20210G>A DO GENE DA PROTROMBINA,Protrombina 20210G>A,45
264,"CORTISOL LIVRE, urina de 24 horas","Cortisol Livre, Urina 24h",45
756,"La/SS-B, AUTO-ANTICORPOS, soro",La/SS-B,44
147,"ARSENICO, sangue total","Arsenico, sangue",44
605,"IGE ESPECIFICO, F18 - CASTANHA DO PARÁ, soro",Rast - F18 - Castanha do Pará,42
370,ESPERMOGRAMA,Viabilidade,42
1276,"pH, Determinação nas fezes","pH, Fezes",41
715,"INTERLEUCINA 6, soro",Interleucina 6,39
700,"IMUNOFIXAÇÃO DE PROTEÍNAS URINÁRIAS, BENCE-JONES","Bence-Jones, urina",39
53,"AMILASE, plasma",Amilase,39
297,"CRIOGLOBULINAS, soro",Crioglobulinas,39
793,"MYCOPLASMA PNEUMONIAE, ANTICORPOS IgG e IgM, soro","Micoplasma Pneumoniae,IgM",38
195,"CALCIO, plasma",Cálcio,38
708,"INSULINA POS PRANDIAL, soro",Insulina pós prandial,38
792,"MYCOPLASMA PNEUMONIAE, ANTICORPOS IgG e IgM, soro","Micoplasma Pneumoniae,IgG",38
709,"INSULINA POS PRANDIAL, soro",Observação,37
932,"PROTEINURIA, COMPLEMENTAR, urina",Proteínas,37
546,"HEMOGRAMA, sangue total",Promielócitos (%),36
545,"HEMOGRAMA, sangue total",Promielócitos,36
652,"IGE ESPECIFICO, F8 - MILHO, soro",Rast - F8 - Milho,36
710,"INSULINA, soro",HOMA-BETA,36
132,"ANTIGENO DO FATOR DE von WILLEBRAND, plasma",Fator de von Willebrand,36
683,"IGE ESPECIFICO, M3 - ASPERGILLUS FUMIGATUS, soro",Rast - M3 - Aspergillus fumigatus,35
901,"PROCALCITONINA, plasma",Procalcitonina,35
11,5'NUCLEOTIDASE,5-Nucleotidase,35
355,"ENTAMOEBA HISTOLYTICA, Pesquisa da ADESINA ESPECIFICA, fezes","Entamoeba histolytica, fezes",35
21,"ACIDO METILMALONICO, soro","Ácido metilmalonico, soro",35
1071,"TACROLIMUS, sangue total",Tacrolimus - Elisa,34
608,"IGE ESPECIFICO, F202 - CASTANHA DE CAJU, soro",Rast - F202 - Castanha de caju,34
1080,"TEMPO DE TROMBINA, plasma","Trombina, tempo",33
796,"NIQUEL, plasma","Níquel, soro",33
35,"ALBUMINA, plasma",Albumina,33
585,"IGE ESPECIFICO, D202 - ÁCARO (Dermatophagoides pteronyssinus) (nDer p 1), soro",Rast - D202 - Ácaro,33
507,"HEMOGRAMA AUTOMATIZADO, sangue total",Monócitos,32
494,"HEMOGRAMA AUTOMATIZADO, sangue total",Basófilos,32
514,"HEMOGRAMA AUTOMATIZADO, sangue total",Volume plaquetário médio,32
495,"HEMOGRAMA AUTOMATIZADO, sangue total",Basófilos (%),32
436,"FOSFATASE ALCALINA FRACAO OSSEA, soro",Fosfatase Alcalina Óssea,32
513,"HEMOGRAMA AUTOMATIZADO, sangue total",VCM,32
496,"HEMOGRAMA AUTOMATIZADO, sangue total",Concentração de Hemoglobina Corpuscular,32
506,"HEMOGRAMA AUTOMATIZADO, sangue total",Linfócitos (%),32
497,"HEMOGRAMA AUTOMATIZADO, sangue total",Eosinófilos,32
498,"HEMOGRAMA AUTOMATIZADO, sangue total",Eosinófilos (%),32
501,"HEMOGRAMA AUTOMATIZADO, sangue total",Hematócrito,32
508,"HEMOGRAMA AUTOMATIZADO, sangue total",Monócitos (%),32
505,"HEMOGRAMA AUTOMATIZADO, sangue total",Linfócitos,32
504,"HEMOGRAMA AUTOMATIZADO, sangue total",Leucócitos,32
503,"HEMOGRAMA AUTOMATIZADO, sangue total",Hemoglobina Corpuscular Média,32
502,"HEMOGRAMA AUTOMATIZADO, sangue total",Hemoglobina,32
509,"HEMOGRAMA AUTOMATIZADO, sangue total",Neutrófilos,32
510,"HEMOGRAMA AUTOMATIZADO, sangue total",Neutrófilos (%),32
511,"HEMOGRAMA AUTOMATIZADO, sangue total",Plaquetas,32
512,"HEMOGRAMA AUTOMATIZADO, sangue total",RDW,32
499,"HEMOGRAMA AUTOMATIZADO, sangue total",Eritrócitos,32
1260,"VÍRUS DA HEPATITE B (HBV), PESQUISA E QUANTIFICAÇÃO DO DNA",HBV - UI/mL,32
1149,"TRIIODOTIRONINA (T3), soro",Observação,31
221,"CELULAS PARIETAIS DA MUCOSA GASTRICA, AUTO-ANTICORPOS, soro",Células parietais da mucosa gástrica,31
802,"OSMOLALIDADE, soro","Osmolalidade, soro",31
376,"ESTIMATIVA DA FILTRAÇÃO GLOMERULAR, soro",Cálculo p/não afrodescendente CKD-EPI,30
375,"ESTIMATIVA DA FILTRAÇÃO GLOMERULAR, soro",Cálculo p/afrodescendente MDRD,30
373,"ESTIMATIVA DA FILTRAÇÃO GLOMERULAR, soro",Creatinina,30
374,"ESTIMATIVA DA FILTRAÇÃO GLOMERULAR, soro",Cálculo p/afrodescendente CKD-EPI,30
377,"ESTIMATIVA DA FILTRAÇÃO GLOMERULAR, soro",Cálculo p/não afrodescendente MDRD,30
492,"HELICOBACTER PYLORI, ANTICORPOS IgG, soro","Helicobacter Pylori, IgG",30
661,"IGE ESPECIFICO, F92 - BANANA, soro",Rast - F92 - Banana,30
573,"HORMONIO LUTEINIZANTE (LH), soro",Observação,30
1177,URINA TIPO I,"Dismorfismo, urina",30
635,"IGE ESPECIFICO, F41 - SALMÃO, soro",Rast - F41 - Salmão,29
445,"FOSFORO INORGANICO, plasma",Fósforo,28
150,"ASCA (SACCHAROMYCES CEREVISAE), ANTICORPOS IgG e IgA, soro",ASCA - IgG,28
891,"POTASSIO, urina","Potássio, urina  24h no volume enviado",28
149,"ASCA (SACCHAROMYCES CEREVISAE), ANTICORPOS IgG e IgA, soro",ASCA - IgA,28
358,"ERITROPOIETINA (EPO), soro",Eritropoietina (EPO),28
893,"POTASSIO, urina",Volume (mL),28
892,"POTASSIO, urina","Potássio, urina 24h",28
96,"ANTICORPOS ANTI-GAD, soro",Anti-GAD,28
847,"PESQUISA DE DISMORFISMO ERITROCITÁRIO, urina","Dismorfismo, urina",28
692,"IGE ESPECIFICO,F23 - Caranguejo, soro ",Rast - F23 - Caranguejo,28
1163,"UREIA, dosagem pós-diálise, soro",Uréia pós-diálise,27
655,"IGE ESPECIFICO, F83 - CARNE DE GALINHA, soro",Rast - F83 - Carne de galinha,27
563,"HIV1/HIV2, ANTICORPOS POR TESTE RÁPIDO, soro",HIV1/HIV2 -Imunocrom,27
303,"CÁLCIO, amostra isolada de urina","Cálcio, Urina isolada",27
152,"ATIVIDADE DO COFATOR DA RISTOCETINA, plasma",Ristocetina,27
98,"ANTICORPOS ANTI-HISTONA, soro","Anti-Histona, anticorpos",26
616,"IGE ESPECIFICO, F25 - TOMATE, soro",Rast - F25 - Tomate,26
680,"IGE ESPECIFICO, I71 - PERNILONGO, soro",Rast - I71 - Pernilongo,26
941,PROVA COPROLOGICA FUNCIONAL DO APARELHO DIGESTIVO,"pH, coprologica",26
853,PESQUISA DE MUTAÇÕES ASSOCIADAS À HEMOCROMATOSE,Mutação 187C>G (H63D),25
752,"LIPASE, plasma",Lipase,25
617,"IGE ESPECIFICO, F256 - NOZ, soro",Rast - F256 - Nóz,25
854,PESQUISA DE MUTAÇÕES ASSOCIADAS À HEMOCROMATOSE,Mutação 193A>T (S65C),25
855,PESQUISA DE MUTAÇÕES ASSOCIADAS À HEMOCROMATOSE,Mutação 845G>A (C282Y),25
862,PESQUISA DE VÍRUS INFLUENZA A POR MÉTODO MOLECULAR,Vírus A/H1N1/PANDÊMICO 2009,25
1091,TESTE DE AGREGAÇÃO PLAQUETÁRIA,Agreg Plaq - Máx -Ác Aracdônico 500 microg/mL,24
1099,TESTE DE AGREGAÇÃO PLAQUETÁRIA,Número de plaquetas no PRP (após diluição),24
1096,TESTE DE AGREGAÇÃO PLAQUETÁRIA,"Agreg Plaq - Máxima - Ristocetina 1,2 mg/mL",24
1097,TESTE DE AGREGAÇÃO PLAQUETÁRIA,"Agreg Plaquetária - Máxima - ADP 10,0 microM",24
1092,TESTE DE AGREGAÇÃO PLAQUETÁRIA,"Agreg Plaq - Máxima - Adrenalina 2,0 microM",24
1089,TESTE DE AGREGAÇÃO PLAQUETÁRIA,"Agreg Plaq - Lag time- Colágeno 1,0 microg/mL",24
1093,TESTE DE AGREGAÇÃO PLAQUETÁRIA,"Agreg Plaq - Máxima - Colágeno 1,0 microg/mL",24
863,PESQUISA DE VÍRUS INFLUENZA A POR MÉTODO MOLECULAR,Vírus Influenza A (Sazonal),24
1090,TESTE DE AGREGAÇÃO PLAQUETÁRIA,"Agreg Plaq - Lag time- Colágeno 5,0 microg/mL",24
1094,TESTE DE AGREGAÇÃO PLAQUETÁRIA,"Agreg Plaq - Máxima - Colágeno 5,0 microg/mL",24
166,"BETA-CAROTENO, soro",Beta-caroteno,24
1098,TESTE DE AGREGAÇÃO PLAQUETÁRIA,"Agreg Plaquetária - Máxima - ADP 2,5 microM",24
1095,TESTE DE AGREGAÇÃO PLAQUETÁRIA,"Agreg Plaq - Máxima - Ristocetina 0,5 mg/mL",24
382,"ESTRONA (E1), soro",Observação,24
733,"LAMOTRIGINA, soro",Lamotrigina,23
620,"IGE ESPECIFICO, F27 - CARNE DE VACA, soro",Rast - F27 - Carne de vaca,23
409,"FATOR IX DA COAGULACAO, plasma",Dosagem de fator IX,23
81,"AMONIA, plasma",Amônia,23
1253,"VITAMINA B2, plasma",Vitamina B2,23
690,"IGE ESPECIFICO, TX7 - PÓLENS, soro",Rast - TX7 - Pólens,23
624,"IGE ESPECIFICO, F3 - bacalhau (Gadus morhua), SORO",Rast - F3 - Bacalhau (Gadus morhua),22
607,"IGE ESPECIFICO, F20 - AMÊNDOA, soro",Rast - F20 - Amêndoa,22
1145,TRICOMONAS,"Tricomonas, secreção uretral",22
304,"CÁLCIO, amostra isolada de urina",Relação Cálcio/Creatinina,22
908,"PROPEPTIDEO AMINO TERMINAL DO PROCOLÁGENO TIPO I , soro",Propeptideo Amino Terminal,22
634,"IGE ESPECIFICO, F40 - ATUM, soro",Rast - F40 - Atum,22
653,"IGE ESPECIFICO, F80 - LAGOSTA, soro",Rast - F80 - Lagosta,22
299,"CROMOGRANINA A, soro",Cromogranina A,22
997,SEDIMENTO URINARIO - JATO MEDIO,Outros - Urina I,21
777,"METANEFRINAS, urina","Normetanefrina, urina",21
613,"IGE ESPECIFICO, F232  nGal d 2 Ovoalbumina, soro",Rast - F232 - nGal d 2 Ovoalbumina,21
775,"METANEFRINAS, urina","Metanefrina total, urina",21
194,"CALCIO, amostra isolada de urina",Relação Cálcio/Creatinina,21
776,"METANEFRINAS, urina","Metanefrina, urina",21
2,"11-DESOXICORTISOL, soro",11-Desoxicortisol,21
341,"ELASTASE PANCREÁTICA, QUANTIFICAÇÃO NAS FEZES","Elastase Pancreática, fezes",21
193,"CALCIO, amostra isolada de urina","Cálcio, Urina isolada",21
632,"IGE ESPECIFICO, F37 - MEXILHÃO, soro",Rast - F37 - Mexilhão,20
1247,"VIRUS EPSTEIN BARR (ANTIGENO DO CAPSIDEO VIRAL),","Virus Epstein Barr, Avidez IgG",20
236,"CITOMEGALOVIRUS, AVIDEZ DE ANTICORPOS IgG, soro","CMV, Avidez IgG",20
675,"IGE ESPECIFICO, I1 - ABELHA, soro",Rast - I1 - Abelha,20
938,"PROTEÍNA S, ATIVIDADE, plasma",Proteína S Atividade,20
689,"IGE ESPECIFICO, RF287 - FEIJAO, soro",Rast - RF287 - Feijão,20
671,"IGE ESPECIFICO, GX1 - GRAMÍNEAS, soro",Rast - GX1 - Gramíneas,19
922,"PROTEINA TOTAL, plasma",Proteínas,19
673,"IGE ESPECIFICO, H2 - PO DOMESTICO HOLLISTER, SORO",Rast - H2 - Pó doméstico,19
1130,"TIROXINA (T4), soro",Observação,19
917,"PROTEINA TOTAL E FRACOES, plasma",Relação Albumina/Globulina,19
916,"PROTEINA TOTAL E FRACOES, plasma",Proteínas,19
915,"PROTEINA TOTAL E FRACOES, plasma",Globulinas,19
914,"PROTEINA TOTAL E FRACOES, plasma",Albumina,19
559,"HISTOPLASMA, ANTICORPOS TOTAIS, soro",Histoplasma,18
931,"PROTEINASE - 3, ANTICORPOS, soro","Proteinase - 3, Anticorpos",18
257,COMPONENTE C1q DO COMPLEMENTO,C1q,18
717,"IODO, plasma",Iodo,18
868,PESQUISA DO PAPILOMAVÍRUS HUMANO (HPV) POR TÉCNICA MOLECULAR,Observação,17
800,"NUCLEOSSOMO (CROMATINA), Auto-anticorpos, soro",Antinucleossomo,17
646,"IGE ESPECIFICO, F7 - AVEIA, soro",Rast - F7 - Aveia,17
644,"IGE ESPECIFICO, F59 - Polvo, soro",Rast - F59 - polvo,17
271,"CORTISOL, soro",Cortisol - 16:00,16
151,"ATIVIDADE ANTI-FATOR Xa, heparina de baixo peso molecular,plasma","ANTI-Xa, atividade",16
1263,"VÍRUS DA HEPATITE C (HCV), PESQUISA E QUANTIFICAÇÃO DO RNA",log RNA,16
519,"HEMOGRAMA, sangue total",Blastos,16
5,"17-ALFA-HIDROXIPROGESTERONA, soro",Observação,16
178,"BORRELIA BURGDORFERI(DOENCA DE LYME), ANTICORPOS, soro",Borrelia burgdorferi (Doença de Lyme),16
993,SEDIMENTO URINARIO - JATO MEDIO,"Dismorfismo, urina",16
520,"HEMOGRAMA, sangue total",Blastos (%),16
773,"METANEFRINAS, plasma","Metanefrina, plasma",16
415,"FATOR VII DA COAGULACAO, plasma",Fator VII,16
679,"IGE ESPECIFICO, I70 - FORMIGA, soro",Rast - I70 - Formiga,16
411,"FATOR V DA COAGULACAO, plasma",Fator V,16
588,"IGE ESPECIFICO, D70 - Acarus siro, soro",Rast - D70 - Ácarus siro,16
774,"METANEFRINAS, plasma","Normetanefrina, plasma",16
694,"IGE ESPECIFICO,M6 - Alternaria alternata, soro ",Rast - M6 - Alternaria alternata,16
153,"ATIVIDADE DO FATOR XI DA COAGULACAO, plasma",Fator XI,15
874,PLAQUETAS,Volume plaquetário médio,15
1001,SEDIMENTO URINARIO - PRIMEIRO JATO,"Leucócitos quantitativo, urina 1J",15
998,SEDIMENTO URINARIO - PRIMEIRO JATO,"Células Epiteliais, urina 1J",15
283,"COXSACKIE A, ANTICORPOS TOTAIS",Virus Coxsackie - A2,15
1166,"UREIA, urina",Excreção no volume enviado,15
1167,"UREIA, urina",Período de coleta (horas),15
1168,"UREIA, urina",Volume (mL),15
1000,SEDIMENTO URINARIO - PRIMEIRO JATO,"Eritrócitos quantitativo, urina 1J",15
749,"LINFÓCITOS B (CD20), sangue",Linfócitos B (CD-20),15
870,"PESQUISA RÁPIDA DO ANTÍGENO NS1, DENGUE","Dengue, antígeno NS1",15
873,PLAQUETAS,Plaquetas,15
639,"IGE ESPECIFICO, F47 - ALHO, soro",Rast - F47 - Alho,14
286,"COXSACKIE A, ANTICORPOS TOTAIS",Virus Coxsackie - A9,14
637,"IGE ESPECIFICO, F44 - MORANGO, soro",Rast - F44 - Morango,14
281,"COXSACKIE A, ANTICORPOS TOTAIS",Virus Coxsackie - A10,14
285,"COXSACKIE A, ANTICORPOS TOTAIS",Virus Coxsackie - A7,14
282,"COXSACKIE A, ANTICORPOS TOTAIS",Virus Coxsackie - A16,14
599,"IGE ESPECIFICO, F10 - GERGELIM, soro",Rast - F10 - Gergelim,14
429,"FILAGRINA, AUTO-ANTICORPOS, soro","Filagrina, Auto-Anticorpos",14
284,"COXSACKIE A, ANTICORPOS TOTAIS",Virus Coxsackie - A4,14
351,ELETROFORESE DE PROTEINAS URINARIAS,Eletro - Observação,14
1185,URINA TIPO I,Outros - Urina I,14
237,"CITOMEGALOVÍRUS, DETECÇÃO QUANTITATIVA POR MÉTODO MOLECULAR","CMV, Quantificação",14
631,"IGE ESPECIFICO, F36 - COCO, soro",Rast - F36 - Coco,14
640,"IGE ESPECIFICO, F48 - CEBOLA, soro",Rast - F48 - Cebola,13
222,"CENTROMEROS, ANTICORPO IgG, soro",Centromeros - IgG,13
229,"CHUMBO, urina","Chumbo, urina",13
961,"RENINA, ATIVIDADE PLASMÁTICA",Observação,13
808,"OXCARBAZEPINA, soro",Oxcarbazepina,13
704,INIBIDOR DE C1 - ESTERASE,Inibidor de C1 - Atividade Funcional,13
88,"ANTICORPO ANTI-RECEPTOR DE TSH (TRAB), soro",Observação,13
705,INIBIDOR DE C1 - ESTERASE,Inibidor de C1 - Esterase,13
1136,"TOXOPLASMA, AVIDEZ DE ANTICORPOS IgG, soro","Toxoplasma, Avidez IgG",13
769,"MERCURIO, urina","Mercúrio, urina",13
626,"IGE ESPECIFICO, F308 - SARDINHA, soro",Rast - F308 - sardinha,13
356,"ENZIMA CONVERSORA DA ANGIOTENSINA, ECA, soro","Enzima conversora angiotensina, ECA",13
331,"DIGOXINA, soro",Digoxina,12
13,"ACIDO 5 HIDROXI-INDOLACETICO, urina de 24 horas",5 Hidroxi-indolacetico,12
251,"COCCÍDIOS, PESQUISA, fezes","Coccídios, fezes",12
247,"CLOSTRIDIOIDES (CLOSTRIDIUM) DIFFICILE, PESQUISA DO DNA","Clostridium difficile toxigênico, DNA",12
899,"PREGNENOLONA, soro",Pregnenolona,12
845,"PESQUISA DE ANTICORPOS ANTI-NEISSERIA GONORRHOEAE, soro",Anti-Neisseria Gonorrhoeae,12
856,"PESQUISA DE ROTAVÍRUS, fezes","Rotavírus, fezes",12
391,EXAME DE URINA POR SONDAGEM VESICAL,"Dismorfismo, urina",12
629,"IGE ESPECIFICO, F35 - BATATA, soro",Rast - F35 - Batata,12
430,"FILAGRINA, AUTO-ANTICORPOS, soro","Profilagrina, Auto-Anticorpos",12
214,CATECOLAMINAS LIVRES,"Noradrenalina, urina",12
213,CATECOLAMINAS LIVRES,"Dopamina, urina",12
212,CATECOLAMINAS LIVRES,"Adrenalina, urina",12
1047,"SUBSTANCIAS REDUTORAS, pesquisa nas fezes","Substancias redutoras, fezes",12
609,"IGE ESPECIFICO, F207 - MARISCO, soro",Rast - F207 - Marisco,12
643,"IGE ESPECIFICO, F58 - LULA DO PACÍFICO, soro",Rast - F58 - Lula do Pacífico,12
611,"IGE ESPECIFICO, F210 - ABACAXI, SORO",Rast - F210 - Abacaxi,12
1105,"TESTE DE RESISTÊNCIA À PROTEÍNA C ATIVADA (RPCA), plasma",Teste de Resistencia Proteina C Ativada,12
1104,"TESTE DE RESISTÊNCIA À PROTEÍNA C ATIVADA (RPCA), plasma",RPCA - Conclusão,12
875,"PLAQUETAS, sangue total",Fração Imatura de Plaquetas,11
702,"IMUNOGLOBULINA ""A"" SECRETORA (IgAs)",IgA Secretora (IgAs),11
656,"IGE ESPECIFICO, F84 - KIWI, soro",Rast - F84 - kiwi,11
688,"IGE ESPECIFICO, O201 - FOLHA DE TABÁCO, soro",Rast - O201 - Folha de tabaco,11
1072,"TACROLIMUS, sangue total",Tacrolimus - HPLC,11
587,"IGE ESPECIFICO, D3 - ÁCARO DOMÉSTICO (DERMATOPHAGÓIDES MICROCERAS), soro",Rast - D3 - Ácaro doméstico,11
596,"IGE ESPECIFICO, EX71 - PENAS, soro",Rast - EX71 - Penas,11
604,"IGE ESPECIFICO, F17 - AVELÃ, SORO",Rast - F17 - Avelã,11
614,"IGE ESPECIFICO, F233 - OVOMUCÓIDE, soro",Rast - F233 - Ovomucóide,11
1100,"TESTE DE ATIVIDADE DO FATOR II, plasma",Fator II,11
1122,"TETANO, ANTICORPOS,  soro",Anti-Toxóide Tetânico,11
1069,"SÓDIO, amostra isolada de urina","Sódio, urina isolada",11
437,"FOSFATASE ÁCIDA - FRAÇÃO PROSTÁTICA, soro",Fosfatase Ácida - Prostática,11
1068,"SÓDIO, amostra isolada de urina",Relação Sódio/Creatinina,11
907,"PROPEPTIDEO AMINO TERMINAL DO PROCOLÁGENO TIPO I , soro",Observação,10
233,"CISTINA, urina de 24 horas","Cistina, urina 24h",10
50,"ALUMÍNIO, urina","Alumínio, urina",10
100,"ANTICORPOS ANTI-INSULINA, soro",Anti-Insulina,10
600,"IGE ESPECIFICO, F12 - ERVILHA, soro",Rast - F12 - Ervilha,10
1143,"TRIAGEM DE COCAINA, urina","Cocaína, urina",10
666,"IGE ESPECIFICO, FX15 - ALIMENTOS, soro",Rast - FX15 - Alimentos,10
162,BETA 2 MICROGLOBULINA,"Beta 2 Microglobulina, urina",10
420,"FENITOINA, soro",Fenitoína,10
1133,"TOXOCARA, ANTICORPOS IgG, soro","Toxocara, IgG",10
693,"IGE ESPECIFICO,M2 - Cladosporum herbarum, soro",Rast - M2 - Cladosporum herbarum,10
1112,TESTE RÁPIDO PARA DETECÇÃO DE M. TUBERCULOSIS E RESISTÊNCIA À RIFAMPICINA,Mycobacterium tuberculosis PCR,10
427,"FIBRINOGENIO, URGENTE, plasma",Fibrinogenio,10
628,"IGE ESPECIFICO, F33 - LARANJA, soro",Rast - F33 - Laranja,10
896,"PRE-ALBUMINA, soro",Pré-albumina,10
204,"CARBAMAZEPINA, soro",Carbamazepina,10
698,IMUNOFENOTIPAGEM PARA HEMOGLOBINURIA PAROXISTICA NOTURNA,Imunofenotip Hemoglobinuria -  Interpretação,9
161,"BETA 2 GLICOPROTEÍNA 1, AUTOANTICORPO IgA, soro","Beta 2 Glicoproteína I, Anticorpos IgA",9
1181,URINA TIPO I,"Leucócitos qualitativo, urina",9
622,"IGE ESPECIFICO, F280 - PIMENTA DO REINO, soro",Rast - F280 - Pimenta do reino,9
1178,URINA TIPO I,"Eritrócitos qualitativo, urina",9
595,"IGE ESPECIFICO, EX2 - ANIMAIS, soro",Rast - EX2 - Animais,9
610,"IGE ESPECIFICO, F208 - LIMAO, soro",Rast - F208 - Limão,9
747,"LINFOCITOS T E B, sangue",Linfócitos T,9
154,"ATIVIDADE DO FATOR XII DA COAGULACAO, plasma",Fator XII,9
746,"LINFOCITOS T E B, sangue",Linfócitos B,9
701,"IMUNOFIXAÇÃO DE PROTEÍNAS URINÁRIAS, BENCE-JONES",Observação,9
30,ACIDO VANIL-MANDELICO (VMA),Ácido Vanil-Mandélico,9
677,"IGE ESPECIFICO, I4 - VESPA (MARIMBONDO), soro",Rast - I4 - Vespa (Marimbondo),9
148,"ARSENICO, urina","Arsenico, urina",9
1257,"VITAMINA K, plasma",Vitamina K,9
104,"ANTICORPOS ANTI-PEROXIDASE TIROIDIANA, soro",Observação,9
840,"PEPTIDEO C, soro",Observação,9
697,IMUNOFENOTIPAGEM PARA HEMOGLOBINURIA PAROXISTICA NOTURNA,Imunofenotip Hemoglobinuria -  Conclusão,9
191,"CADMIO, urina","Cadmio, urina",9
1046,"SUBPOPULAÇÕES LINFOCITÁRIAS, sangue",Relação CD4+/CD8+,9
1269,"ZIKA VÍRUS, DETECÇÃO DO RNA POR PCR","Zika vírus, detecção no RNA",9
1045,"SUBPOPULAÇÕES LINFOCITÁRIAS, sangue",Linfócitos T CD8+,9
664,"IGE ESPECIFICO, F96 - ABACATE, soro",Rast - F96 - Abacate,9
1044,"SUBPOPULAÇÕES LINFOCITÁRIAS, sangue",Linfócitos T CD4+,9
1043,"SUBPOPULAÇÕES LINFOCITÁRIAS, sangue",Linfócitos T,9
1042,"SUBPOPULAÇÕES LINFOCITÁRIAS, sangue",Linfócitos Natural Killer,9
1041,"SUBPOPULAÇÕES LINFOCITÁRIAS, sangue",Linfócitos B,9
803,"OSMOLALIDADE, urina","Osmolalidade, urina",8
86,"ANTI-FOSFATIDILSERINA, AUTOANTICORPOS, IgG, IgM, IgA, soro",Anti-Fosfatidilserina - IgM,8
85,"ANTI-FOSFATIDILSERINA, AUTOANTICORPOS, IgG, IgM, IgA, soro",Anti-Fosfatidilserina - IgG,8
1035,"STREPTOCOCCUS AGALACTIAE, DETECÇÃO DO DNA POR PCR",Streptococcus agalactiae,8
84,"ANTI-FOSFATIDILSERINA, AUTOANTICORPOS, IgG, IgM, IgA, soro",Anti-Fosfatidilserina - IgA,8
586,"IGE ESPECIFICO, D205 - TROPOMIOSINA DO ÁCARO (Der p 10), soro",Rast - D205 - Tropomiosina do Ácaro,8
645,"IGE ESPECIFICO, F6 - CEVADA, soro",Rast - F6 - Cevada,8
230,"CICLOSPORINA, sangue total",Ciclosporina,8
630,"IGE ESPECIFICO, F351 - TROPOMIOSINA DO CAMARÃO , soro",Rast - F351 - Tropomiosina do camarão,8
1241,URINA TIPO I - PRIMEIRO JATO,"Outros, urina 1J",8
1219,URINA TIPO I - JATO MEDIO,"Leveduras, urina",8
406,"Eletroforese DE HEMOGLOBINA, sangue total",Hemoglobina S,8
1215,URINA TIPO I - JATO MEDIO,"Espermatozóides, urina",8
691,"IGE ESPECIFICO, WX5 - PÓLENS, soro",Rast - WX5 - Pólens,7
431,"FLUORETO, urina","Fluoreto, urina",7
682,"IGE ESPECIFICO, M1 - PENICILLIUM NOTATUM,soro",Rast - M1 - Penicillium notatum,7
623,"IGE ESPECIFICO, F293 - PAPAIA, soro",Rast - F293 - Papaia,7
612,"IGE ESPECIFICO, F221 - CAFÉ, soro",Rast - F221 - Café,7
858,PESQUISA DE TRICOMONAS,"Tricomonas, pesquisa",7
953,QUANTIFICAÇÃO DOS TRANSCRITOS BCR/ABL1 DO TIPO p210,"BCR/ABL1(p210), transcritos controle endógeno",7
115,"ANTICORPOS DA CLASSE IgM ANTI-LEPTOSPIRA, soro","Anti-Leptospira, IgM",7
378,"ESTRADIOL, ULTRASENSÍVEL, soro",Estradiol - Ultrasensível - LC/MS/MS,7
421,"FENOBARBITAL, soro",Fenobarbital,7
1261,"VÍRUS DA HEPATITE B (HBV), PESQUISA E QUANTIFICAÇÃO DO DNA",HBV - log UI/mL,7
760,"MAGNESIO, ERITROCITARIO, sangue",Magnésio eritrocitário,7
417,"FATOR X DA COAGULACAO, plasma",Fator X,7
407,"FATOR DE NECROSE TUMORAL, soro",Fator de necrose tumoral,6
1064,"SÉRIE BRANCA, sangue total",Monócitos (%),6
959,"REACAO DE WIDAL, anticorpos anti Salmonella typhi e paratyphi A e B, soro","Widal, reação - Antígeno O",6
1059,"SÉRIE BRANCA, sangue total",Eosinófilos (%),6
590,"IGE ESPECIFICO, E3 - DESCAMACAO - PELE DE CAVALO, soro",Rast - E3 - Descamação pele de cavalo,6
1060,"SÉRIE BRANCA, sangue total",Leucócitos,6
794,"NICOTINA E METABOLITOS, soro",Cotinina,6
1061,"SÉRIE BRANCA, sangue total",Linfócitos,6
684,"IGE ESPECIFICO, M5 - CANDIDA ALBICANS, soro",Rast - M5 - Candida albicans,6
1062,"SÉRIE BRANCA, sangue total",Linfócitos (%),6
1063,"SÉRIE BRANCA, sangue total",Monócitos,6
1106,"TESTE DE SUPRESSÃO DO CORTISOL, APÓS 1 MG DE DEXAMETASONA, soro",Cortisol após dexametasona,6
1065,"SÉRIE BRANCA, sangue total","Morfologia, Série Branca",6
957,"REACAO DE WIDAL, anticorpos anti Salmonella typhi e paratyphi A e B, soro","Widal, reação - Antígeno B",6
1066,"SÉRIE BRANCA, sangue total",Neutrófilos,6
1102,"TESTE DE AVALIAÇÃO DA FUNÇÃO PLAQUETÁRIA, sangue total ",Função plaq - tp. oclusão (Colágeno/ADP),6
252,"COENZIMA Q10, DOSAGEM, plasma",Coenzima Q10,6
849,PESQUISA DE HERPESVIRUS 1 E 2 POR PCR,"HSV2, Detecção",6
1101,"TESTE DE AVALIAÇÃO DA FUNÇÃO PLAQUETÁRIA, sangue total ",Função plaq - tp. oclusão (Colág./Epinefrina),6
1067,"SÉRIE BRANCA, sangue total",Neutrófilos (%),6
848,PESQUISA DE HERPESVIRUS 1 E 2 POR PCR,"HSV1, Detecção",6
419,"FEBRE MACULOSA (RICKETTSIA RICKETTSI), ANTICORPOS IgG E IgM, soro","Febre Maculosa, anticorpo IgM",6
989,SEDIMENTO URINARIO,"Leucócitos quantitativo, urina",6
988,SEDIMENTO URINARIO,"Eritrócitos quantitativo, urina",6
958,"REACAO DE WIDAL, anticorpos anti Salmonella typhi e paratyphi A e B, soro","Widal, reação - Antígeno H",6
956,"REACAO DE WIDAL, anticorpos anti Salmonella typhi e paratyphi A e B, soro","Widal, reação - Antígeno A",6
942,PROVA DO LACO,Prova do Laço,6
1036,"STRONGYLOIDES STERCORALIS, ANTICORPO IgG, soro","Strongyloides Stercoralis, IgG",6
659,"IGE ESPECIFICO, F9 - ARROZ, soro",Rast - F9 - Arroz,6
202,"CANDIDA, ANTICORPOS, soro","Candida, anticorpos",6
111,"ANTICORPOS CONTRA O VIRUS DA HEPATITE E (VHE), soro","Hepatite E, IgG",6
99,"ANTICORPOS ANTI-ICA512, soro","Anti-ICA512, Anticorpos",6
418,"FEBRE MACULOSA (RICKETTSIA RICKETTSI), ANTICORPOS IgG E IgM, soro","Febre Maculosa, anticorpo IgG",6
112,"ANTICORPOS CONTRA O VIRUS DA HEPATITE E (VHE), soro","Hepatite E, IgM",6
1277,"pH, Urina","pH, urina",6
1058,"SÉRIE BRANCA, sangue total",Eosinófilos,6
986,SEDIMENTO URINARIO,"Células Epiteliais, urina",6
116,"ANTICORPOS IGE ESPECIFICO, CORANTE VERMELHO CARMIN , soro",Rast - Corante Vermelho Carmin,6
795,"NICOTINA E METABOLITOS, soro",Nicotina,6
328,DETERMINACAO DO pH NA SECRECA0 VAGINAL,pH - Secreção vaginal,6
1057,"SÉRIE BRANCA, sangue total",Basófilos (%),6
131,ANTIGENO DO CRYPTOSPORIDIUM SP,"Cryptosporidium, fezes",6
1056,"SÉRIE BRANCA, sangue total",Basófilos,6
544,"HEMOGRAMA, sangue total",Plasmócitos (%),5
168,"BICARBONATO, sangue venoso",pH venoso,5
735,"LEGIONELLA, anticorpos totais, soro","Legionella, anticorpos totais",5
167,"BICARBONATO, sangue venoso",HCO3 venoso,5
177,"BORDETELLA PERTUSSIS, ANTICORPOS IgG, soro",Bordetella Pertussis IgG,5
176,"BORDETELLA PERTUSSIS, ANTICORPOS IgG, soro",Bordetella Pertussis,5
6,"17-HIDROXI PREGNENOLONA, soro",17-Hidroxi Pregnenolona,5
1267,"X-FRÁGIL, ANÁLISE MOLECULAR",Número de repetições,5
1268,"X-FRÁGIL, ANÁLISE MOLECULAR",X-Frágil - Análise molecular,5
838,"PARACOCCIDIOIDOMICOSE, ANTICORPOS, SORO","Paracoccidiodes Brasiloensis, antibody",5
543,"HEMOGRAMA, sangue total",Plasmócitos,5
625,"IGE ESPECIFICO, F300 - LEITE DE CABRA, soro",Rast - F300 - Leite de cabra,5
960,"RECEPTOR DE FOSFOLIPASE A2 (PLA-2R), AUTOANTICORPOS, soro",Receptor de Fosfolipase A2 (PLA-2R),5
108,"ANTICORPOS ANTIAQUAPORINA 4, soro","Aquaporina 4, anticorpos",5
687,"IGE ESPECIFICO, O1 - ALGODÃO, soro",Rast - O1 - Algodão,5
706,"INIBINA B, soro",Inibina B,5
1132,"TOPIRAMATO, soro",Topiramato,5
1144,"TRICHOMONAS VAGINALIS, DETECÇÃO DO DNA POR PCR",Trichomonas vaginalis,5
738,"LEVETIRACETAM, soro",Levetiracetam,5
951,QUANTIFICAÇÃO DE EPSTEIN-BARR VÍRUS (EBV) POR MÉTODO MOLECULAR,"Epstein-Barr, Quantificação",5
949,QUANTIFICAÇÃO DA MUTAÇÃO p.V617F DO GENE JAK2,"JAK2, Detecção da mutação V617F",5
579,"IGE ESPECIFICO, C1 - PENICILLOYL G, soro",Rast - C1 - Penicilloyl G,5
636,"IGE ESPECIFICO, F416 - ÔMEGA 5 GLIADINA (rTri A 19), soro",Rast - F416 - Ômega 5 Gliadina(rTri A 19),5
110,"ANTICORPOS CONTRA ANTIGENOS INALATORIOS, soro",Rast - Antígenos inalatórios,5
676,"IGE ESPECIFICO, I3 - VESPA, soro",Rast - I3 - Vespa,5
109,"ANTICORPOS CONTRA ANTIGENOS INALATORIOS E ALIMENTOS INFANTIS, soro",Rast - Alimentos infantis,5
597,"IGE ESPECIFICO, EX72 - PENAS, soro",Rast - EX72 - Penas,4
771,"METANEFRINAS, AMOSTRA ISOLADA, URINA","Metanefrina, urina",4
1142,"TRIAGEM DE CANABINOIDES, urina","Canabinóides, urina",4
1154,"TRIPANOSSOMA CRUZI, anticorpos Totais, soro","Tripanossoma Cruzi - IgG, IFI",4
772,"METANEFRINAS, AMOSTRA ISOLADA, URINA","Normetanefrina, urina",4
770,"METANEFRINAS, AMOSTRA ISOLADA, URINA","Metanefrina total, urina",4
160,"BARTONELA, ANTICORPOS, soro (ARRANHADURA DE GATO)",B. quintana IgM,4
216,"CATECOLAMINAS URINARIAS, urina isolada","Adrenalina, urina isolada",4
815,"PAINEL PARA ANTICORPOS ANTI-PLAQUETAS, soro","Anti-Plaquetas, anticorpos",4
159,"BARTONELA, ANTICORPOS, soro (ARRANHADURA DE GATO)",B. quintana IgG,4
1233,URINA TIPO I - PRIMEIRO JATO,"Dismorfismo, urina 1J",4
44,"ALDOSTERONA, urina",Observação,4
43,"ALDOSTERONA, urina","Aldosterona, urina",4
1111,"TESTE QUALITATIVO PARA DEFICIENCIA DE FATOR XIII, plasma",Fator XIII,4
485,"GLUCORONATO DE 3 ALFA, 17 BETA ANDROSTENEDIOL, soro","Glucoronato 3 Alfa, 17 Beta Androstenediol",4
1109,TESTE IMUNOLOGICO PARA PESQUISA DE HELICOBACTER PYLORI NAS FEZES,"Helicobacter Pylori, fezes",4
580,"IGE ESPECIFICO, C2 - Penicilina V, soro",Rast - C2 - Penicilina V,4
627,"IGE ESPECIFICO, F31 - CENOURA, soro",Rast - F31 - Cenoura,4
638,"IGE ESPECIFICO, F45 - FERMENTO DE PÃO, soro",Rast - F45 - Fermento de pão,4
157,"BARTONELA, ANTICORPOS, soro (ARRANHADURA DE GATO)",B. henselae IgG,4
158,"BARTONELA, ANTICORPOS, soro (ARRANHADURA DE GATO)",B. henselae IgM,4
144,"ANTÍGENO DE ASPERGILLUS, GALACTOMANANA","Galactomanana, soro",4
1079,TEMPO DE SANGRAMENTO DE IVY,TS-IVY,4
947,"QUANTIFICACAO DE INIBIDOR DE FATOR VIII, plasma",Fator VIII,4
217,"CATECOLAMINAS URINARIAS, urina isolada","Dopamina, urina isolada",4
1019,"SERIE VERMELHA, sangue total",Índice de Green & King,4
948,"QUANTIFICACAO DE INIBIDOR DE FATOR VIII, plasma",Inibidor de Fator VIII,4
924,"PROTEINA TRANSPORTADORA DE RETINOL (""RBP"")",RBP,4
397,EXAME DE URINA POR SONDAGEM VESICAL,Outros - Urina I,4
218,"CATECOLAMINAS URINARIAS, urina isolada","Noradrenalina, urina isolada",4
843,"PEPTIDEO VASOATIVO INTESTINAL, plasma",Peptideo Vasoativo Intestinal,4
964,"RNP, AUTO-ANTICORPOS, soro","RNP, Auto-Anticorpos",4
254,"COLINESTERASE, soro",Colinesterase,4
642,"IGE ESPECIFICO, F5 - CENTEIO, soro",Rast - F5 - centeio,3
323,"DETECÇÃO DE GENES blaKPC, blaNDM, blaOXA-48 e blaOXA-48-like",blaKPC,3
472,GENOTIPAGEM DO VÍRUS DA HEPATITE C (VHC),"Hepatite C, Genotipagem",3
23,"ACIDO URICO, amostra isolada de urina","Ácido Úrico, urina isolada",3
22,"ACIDO URICO, amostra isolada de urina",Relação Ácido Úrico/Creatinina,3
577,"HTLV, ANTICORPOS, soro","HTLV, Anticorpos",3
227,"CHLAMYDOPHILA PNEUMONIAE, ANTICORPOS IgM, soro","Chlamydophila pneumoniae, IgM",3
860,PESQUISA DE VIRUS RESPIRATORIOS,Vírus respiratórios - agente,3
987,SEDIMENTO URINARIO,"Dismorfismo, urina",3
1240,URINA TIPO I - PRIMEIRO JATO,"Observação, urina 1J",3
990,SEDIMENTO URINARIO,Observação,3
119,"ANTICORPOS LIGADORES DO RECEPTOR DA ACETILCOLINA , soro",Acetilcolina - Anticorpos ligadores receptor,3
900,"PRO-INSULINA, soro",Pro-insulina,3
618,"IGE ESPECIFICO, F259 - UVA, soro",Rast - F259 - Uva,3
239,"CITOSOL HEPÁTICO TIPO 1, AUTO-ANTICORPOS, soro","Anti-LC 1, Auto-Anticorpos, Imunodifusão",3
324,"DETECÇÃO DE GENES blaKPC, blaNDM, blaOXA-48 e blaOXA-48-like",blaNDM,3
240,"CITOSOL HEPÁTICO TIPO 1, AUTO-ANTICORPOS, soro","Anti-LC 1, Auto-Anticorpos, Imunofluorescênci",3
325,"DETECÇÃO DE GENES blaKPC, blaNDM, blaOXA-48 e blaOXA-48-like",blaOXA-48/blaOXA-48-like,3
248,"CLOSTRIDIOIDES (CLOSTRIDIUM) DIFFICILE, PESQUISA DO DNA","Clostridium difficile, deleção no gene tcdC",3
226,"CHLAMYDOPHILA PNEUMONIAE, ANTICORPOS IgG, soro","Chlamydophila pneumoniae, IgG",3
999,SEDIMENTO URINARIO - PRIMEIRO JATO,"Dismorfismo, urina 1J",3
444,"FOSFOLIPÍDEOS, soro","Fosfolipídeos, soro",3
944,"PTH 1-84, soro","PTH 1-84, soro",3
658,"IGE ESPECIFICO, F89 - MOSTARDA, soro",Rast - F89 - mostarda,3
660,"IGE ESPECIFICO, F91 - MANGA, soro",Rast - F91 - Manga,3
60,"AMINOACIDOS, plasma",Asparagina,2
621,"IGE ESPECIFICO, F279 - PIMENTA MALAGUETA, soro",Rast - F279 - Pimenta malagueta,2
77,"AMINOACIDOS, plasma",Triptofano,2
954,QUANTIFICAÇÃO DOS TRANSCRITOS BCR/ABL1 DO TIPO p210,Relação BCR/ABL1(P210) / controle endógeno,2
461,GASOMETRIA ARTERIAL,Sat O2 arterial,2
408,"FATOR II DE CRESCIMENTO SIMILE A INSULINA, soro",Fator II de crescimento (IGF II),2
955,"RAPAMICINA(SIROLIMUS), sangue total",Rapamicina,2
372,"ESQUISTOSSOMOSE, ANTICORPO IGG, soro","Esquistossomose, anticorpo IgG",2
59,"AMINOACIDOS, plasma",Arginina,2
78,"AMINOACIDOS, plasma",Valina,2
79,"AMINOACIDOS, plasma",Ácido aspártico,2
61,"AMINOACIDOS, plasma",Citrulina,2
94,"ANTICORPOS ANTI-ADRENAL, soro","Anti-Adrenal, Anticorpos",2
76,"AMINOACIDOS, plasma",Treonina,2
93,"ANTICORPOS ANTI-21 HIDROXILASE, soro",Anti-21 Hidroxilase,2
62,"AMINOACIDOS, plasma",Fenilalanina,2
850,"PESQUISA DE MACROAMILASE, soro",Macroamilase,2
593,"IGE ESPECIFICO, E85 - PENAS DE GALINHA, soro",Rast - E85 - Penas de galinha,2
80,"AMINOACIDOS, plasma",Ácido glutâmico,2
322,DETECÇÃO DE CHLAMYDIA TRACHOMATIS POR MÉTODO MOLECULAR,Observação,2
68,"AMINOACIDOS, plasma",Leucina,2
814,"PAINEL PARA ANTICORPOS ANTI-GANGLIOSÍDEOS, soro","Monosialo GM1,IgM",2
63,"AMINOACIDOS, plasma",Glicina,2
71,"AMINOACIDOS, plasma",Ornitina,2
603,"IGE ESPECIFICO, F15 - FEIJÃO BRANCO, soro",Rast - F15 - Feijão branco,2
809,"PAINEL PARA ANTICORPOS ANTI-GANGLIOSÍDEOS, soro","Asialo GM1,IgG",2
810,"PAINEL PARA ANTICORPOS ANTI-GANGLIOSÍDEOS, soro","Asialo GM1,IgM",2
462,GASOMETRIA ARTERIAL,pCO2 arterial,2
69,"AMINOACIDOS, plasma",Lisina,2
811,"PAINEL PARA ANTICORPOS ANTI-GANGLIOSÍDEOS, soro","Disialo GD1b,IgG",2
58,"AMINOACIDOS, plasma",Alanina,2
70,"AMINOACIDOS, plasma",Metionina,2
66,"AMINOACIDOS, plasma",Histidina,2
812,"PAINEL PARA ANTICORPOS ANTI-GANGLIOSÍDEOS, soro","Disialo GD1b,IgM",2
67,"AMINOACIDOS, plasma",Isoleucina,2
463,GASOMETRIA ARTERIAL,pH arterial,2
72,"AMINOACIDOS, plasma",Prolina,2
813,"PAINEL PARA ANTICORPOS ANTI-GANGLIOSÍDEOS, soro","Monosialo GM1,IgG",2
73,"AMINOACIDOS, plasma",Serina,2
74,"AMINOACIDOS, plasma",Taurina,2
464,GASOMETRIA ARTERIAL,pO2 arterial,2
75,"AMINOACIDOS, plasma",Tirosina,2
65,"AMINOACIDOS, plasma",Hidroxiprolina,2
64,"AMINOACIDOS, plasma",Glutamina,2
155,AVALIACAO DA GORDURA FECAL POR MICROMETODO (ESTEATOCRITO),"Esteatócrito, gordura fecal",2
714,"INTERLEUCINA 10, soro","Interleucina 10, soro",2
894,"POTÁSSIO, amostra isolada de urina","Potássio, urina isolada",2
34,"ADENOVIRUS, ANTICORPOS TOTAIS, soro",Adenovírus,2
383,"EVEROLIMUS, sangue total",Everolimus,2
641,"IGE ESPECIFICO, F49 - MAÇÃ, soro",Rast - F49 - maçã,2
438,"FOSFATIDILETANOLAMINA, ANTICORPOS, soro",Fosfatidiletanolamina IgA,2
1002,SEDIMENTO URINARIO - PRIMEIRO JATO,Outros - Urina I,2
479,"GLICOSE, urina",Período de coleta (horas),2
1254,"VITAMINA B3 (ACIDO NICOTÍNICO), DOSAGEM, plasma","Vitamina B3, Ácido Nicotínico",2
19,ACIDO HOMOVANILICO,"Ácido homovanílico, urina - no volume enviado",2
895,"POTÁSSIO, amostra isolada de urina",Relação Potássio/Creatinina,2
18,ACIDO HOMOVANILICO,"Ácido homovanílico, urina",2
480,"GLICOSE, urina",Volume (mL),2
459,GASOMETRIA ARTERIAL,BE arterial,2
439,"FOSFATIDILETANOLAMINA, ANTICORPOS, soro",Fosfatidiletanolamina IgG,2
484,"GLUCAGON, plasma",Glucagon,2
440,"FOSFATIDILETANOLAMINA, ANTICORPOS, soro",Fosfatidiletanolamina IgM,2
12,"ACETILCOLINA, ANTICORPOS BLOQUEADORES DO RECEPTOR, soro",Acetilcolina - Anticorpo bloqueador receptor,2
31,"ACIDOS BILIARES TOTAIS, soro",Ácidos biliares totais,2
878,"PLASMINOGENIO, plasma",Plasminogenio,2
869,PESQUISA QUANTITATIVA DO DNA DO VÍRUS HERPES-6 (HHV6),Vírus Herpes-6 (HHV6),2
245,"CLOBAZAM, soro","Clobazam, soro",2
736,"LEISHMANIA, ANTICORPOS IgG, soro","Leishmania, IgG",2
844,PERFIL BIOQUÍMICO PARA INVESTIGAÇÃO DE NEFROLITÍASE,"Perfil Nefrolitíase, conclusão",2
886,"PORFIRINAS, urina",Coproporfirinas I,2
156,"Anti-Sp-100, autoanticorpos, soro","Sp-100/PML, Auto-Anticorpos",2
1237,URINA TIPO I - PRIMEIRO JATO,"Leucócitos qualitativo, urina 1J",2
460,GASOMETRIA ARTERIAL,HCO3 arterial,2
902,"PROFILAGRINA, AUTO-ANTICORPOS, soro","Profilagrina, Auto-Anticorpos",2
1234,URINA TIPO I - PRIMEIRO JATO,"Eritrócitos qualitativo, urina 1J",2
1193,URINA TIPO I - JATO FINAL,"Corpos cetônicos, urina",1
591,"IGE ESPECIFICO, E4 - EPITELIO DE VACA, soro",Rast - E4 - Epitélio de vaca,1
83,"ANIDROGLUCITOL, 1,5 AG, soro","Anidroglucitol, 1,5 AG",1
1194,URINA TIPO I - JATO FINAL,"Células Epiteliais, urina",1
500,"HEMOGRAMA AUTOMATIZADO, sangue total",Fração Imatura de Plaquetas,1
10,"25 HIDROXI-VITAMINA D, soro",25OH-Vitamina D3,1
727,"IgE ESPECÍFICO, rHev B8 LÁTEX, soro",Rast - rHev B8 - Látex,1
1196,URINA TIPO I - JATO FINAL,"Eritrócitos quantitativo, urina",1
1197,URINA TIPO I - JATO FINAL,"Glicose, urina isolada",1
1195,URINA TIPO I - JATO FINAL,"Densidade, urina",1
1191,URINA TIPO I - JATO FINAL,"Cilindros, urina",1
1192,URINA TIPO I - JATO FINAL,"Cor, urina",1
9,"25 HIDROXI-VITAMINA D, soro",25OH-Vitamina D2,1
336,"DISFIBRINOGENEMIA, PESQUISA, PLASMA",Disfibrinogenemia - Funcional,1
726,"IgE ESPECÍFICO, rHev B6 LÁTEX, soro",Rast - rHev B6 - Látex,1
887,"PORFIRINAS, urina",Heptaporfirinas,1
1190,URINA TIPO I - JATO FINAL,"Bilirrubina, urina",1
1275,"ZINCO, urina","Zinco, urina",1
1199,URINA TIPO I - JATO FINAL,"Nitrito, urina",1
1189,URINA TIPO I - JATO FINAL,"Aspecto, urina",1
1198,URINA TIPO I - JATO FINAL,"Leucócitos quantitativo, urina",1
55,"AMILASE, urina","Amilase, urina",1
1200,URINA TIPO I - JATO FINAL,"Proteínas, urina isolada",1
1201,URINA TIPO I - JATO FINAL,"Urobilinogênio, urina",1
57,"AMILASE, urina",Volume (mL),1
778,"METANEFRINAS, urina",Observação,1
52,"ALUMÍNIO, urina",Volume em 24hs,1
781,"MIOGLOBINA e HEMOGLOBINA, pesquisa na urina","Hemoglobina, urina",1
782,"MIOGLOBINA e HEMOGLOBINA, pesquisa na urina","Mioglobina, urina",1
718,"IODO, urina","Iodo, urina",1
581,"IGE ESPECIFICO, C73 - INSULINA HUMANA, soro",Rast - C73 - Insulina Humana,1
33,ADENOSINA DEAMINASE,ADA,1
32,"ACIDOS ORGANICOS, urina ","Ácidos organicos, urina",1
898,"PRE-CALICREINA, TESTE QUALITATIVO PARA DEFICIENCIA DE, plasma",Pre-Calicreina - Rel pac/pool  plasma normal,1
897,"PRE-CALICREINA, TESTE QUALITATIVO PARA DEFICIENCIA DE, plasma",Pre-Calicreina,1
20,"ACIDO LACTICO, plasma (amostra arterial)","Lactato, arterial",1
1259,"VÍRUS DA FEBRE AMARELA, DETECÇÃO DO RNA POR PCR","Febre Amarela, PCR",1
56,"AMILASE, urina",Período de coleta (horas),1
14,"ACIDO 5 HIDROXI-INDOLACETICO, urina de 24 horas",Observação,1
784,"MUSCULO ESTRIADO, AUTO-ANTICORPOS, soro","Músculo estriado, auto-anticorpos",1
723,"IgE ESPECÍFICO, rHev B1 LÁTEX, soro",Rast - rHev B1 - Látex,1
724,"IgE ESPECÍFICO, rHev B3 LÁTEX, soro",Rast - rHev B3 - Látex,1
725,"IgE ESPECÍFICO, rHev B5 LÁTEX, soro",Rast - rHev B5 - Látex,1
1202,URINA TIPO I - JATO FINAL,"pH, urina",1
888,"PORFIRINAS, urina",Uroporfirinas,1
51,"ALUMÍNIO, urina","Alumínio, urina 24h",1
215,CATECOLAMINAS LIVRES,Observação,1
302,"Clostridioides (Clostridium) difficile, PESQUISA DE TOXINAS A e B",Observação,1
250,"COBRE, urina","Cobre, urina",1
1004,"SERIE VERMELHA AUTOMATIZADA, sangue total",Concentração de Hemoglobina Corpuscular,1
354,"ENOLASE NEURONIO-ESPECIFICA, soro",Enolase Neuronio-Específica,1
396,EXAME DE URINA POR SONDAGEM VESICAL,Observação,1
831,PAINEL SOROLOGICO PARA ENTEROVIRUS,Virus Coxsackie - A9,1
830,PAINEL SOROLOGICO PARA ENTEROVIRUS,Virus Coxsackie - A7,1
829,PAINEL SOROLOGICO PARA ENTEROVIRUS,Virus Coxsackie - A4,1
828,PAINEL SOROLOGICO PARA ENTEROVIRUS,Virus Coxsackie - A2,1
996,SEDIMENTO URINARIO - JATO MEDIO,Observação,1
1077,TEMPO DE SANGRAMENTO,TS - 2a Det,1
670,"IGE ESPECIFICO, G2 - GRAMA RASTEIRA, soro",Rast - G2 - Grama rasteira,1
991,SEDIMENTO URINARIO,Outros - Urina I,1
827,PAINEL SOROLOGICO PARA ENTEROVIRUS,Virus Coxsackie - A16,1
1,"11-DESOXICORTICOSTERONA, SORO",11-Desoxicorticosterona,1
826,PAINEL SOROLOGICO PARA ENTEROVIRUS,Virus Coxsackie - A10,1
232,"CISTICERCOSE, ANTICORPOS, soro","Cisticercose, IgG",1
846,"PESQUISA DE ANTIGENEMIA PARA CITOMEGALOVIRUS, sangue total","Citomegalovirus, pesquisa Antigenemia",1
825,PAINEL SOROLOGICO PARA ENTEROVIRUS,Echovirus tipo 9,1
824,PAINEL SOROLOGICO PARA ENTEROVIRUS,Echovirus tipo 7,1
823,PAINEL SOROLOGICO PARA ENTEROVIRUS,Echovirus tipo 4,1
822,PAINEL SOROLOGICO PARA ENTEROVIRUS,Echovirus tipo 30,1
821,PAINEL SOROLOGICO PARA ENTEROVIRUS,Echovirus tipo 11,1
1005,"SERIE VERMELHA AUTOMATIZADA, sangue total",Eritrócitos,1
1006,"SERIE VERMELHA AUTOMATIZADA, sangue total",Hematócrito,1
1007,"SERIE VERMELHA AUTOMATIZADA, sangue total",Hemoglobina,1
654,"IGE ESPECIFICO, F82 - QUEIJO CAMEMBERT, soro",Rast - F82 - Queijo camembert,1
835,PAINEL SOROLOGICO PARA ENTEROVIRUS,Vírus Coxsackie - B4,1
834,PAINEL SOROLOGICO PARA ENTEROVIRUS,Vírus Coxsackie - B3,1
211,"CARNITINA, soro",Ésteres de Carnitina (EC),1
210,"CARNITINA, soro",Relação Ésteres de Carnitina/Carnitina livre,1
209,"CARNITINA, soro",Carnitina total,1
208,"CARNITINA, soro",Carnitina Livre (CL),1
837,PAINEL SOROLOGICO PARA ENTEROVIRUS,Vírus Coxsackie - B6,1
657,"IGE ESPECIFICO, F87 - MELÃO, soro",Rast - F87 - Melão,1
833,PAINEL SOROLOGICO PARA ENTEROVIRUS,Vírus Coxsackie - B2,1
442,"FOSFATIDILINOSITOL ANTICORPOS IgG, IgA e IgM, soro",Fosfatidilinositol IgG,1
1008,"SERIE VERMELHA AUTOMATIZADA, sangue total",Hemoglobina Corpuscular Média,1
663,"IGE ESPECIFICO, F95 - PESSÊGO, soro",Rast - F95 - pêssego,1
441,"FOSFATIDILINOSITOL ANTICORPOS IgG, IgA e IgM, soro",Fosfatidilinositol IgA,1
832,PAINEL SOROLOGICO PARA ENTEROVIRUS,Vírus Coxsackie - B1,1
1048,"SUBUNIDADE ALFA DOS HORMONIOS GLICOPROTEICOS HIPOFISARIOS, soro",Sub Alfa-Hormonios Glicoproteico Hipofisários,1
443,"FOSFATIDILINOSITOL ANTICORPOS IgG, IgA e IgM, soro",Fosfatidilinositol IgM,1
455,"FRACAO MICROSSOMAL(LKM), AUTO-ANTICORPOS, soro",Observação,1
1010,"SERIE VERMELHA AUTOMATIZADA, sangue total",VCM,1
180,"C5, COMPONENTE DO COMPLEMENTO, soro",C5,1
1009,"SERIE VERMELHA AUTOMATIZADA, sangue total",RDW,1
820,PAINEL SOROLOGICO PARA ECHOVIRUS,Echovirus tipo 9,1
1103,"TESTE DE GRAVIDEZ, urina","Teste de Gravidez, urina",1
912,"PROTEINA RELACIONADA AO PARATORMONIO, soro",Proteína - Paratormonio (PTHrP),1
819,PAINEL SOROLOGICO PARA ECHOVIRUS,Echovirus tipo 7,1
859,PESQUISA DE TROFOZOITO DE ENTAMOEBA HISTOLYTICA/DISPAR,Trofozoito de Entamoeba Histolytica/Dispar,1
836,PAINEL SOROLOGICO PARA ENTEROVIRUS,Vírus Coxsackie - B5,1
357,EOSINOFILOS pesquisa nas fezes,"Eosinófilos, fezes",1
1155,"TRIPTASE, soro",Triptase,1
1156,"TROMBOPLASTINA PARCIAL ATIVADA, TESTE DE MISTURA, plasma",TTPA,1
1157,"TROMBOPLASTINA PARCIAL ATIVADA, TESTE DE MISTURA, plasma",TTPA-Normal do dia,1
1158,"TROMBOPLASTINA PARCIAL ATIVADA, TESTE DE MISTURA, plasma",TTPA-Paciente/Normal,1
340,DOSAGEM DE GORDURAS NAS FEZES,Peso das fezes,1
1160,"TROPONINA T ultrassensível, plasma",Troponina T ultrassensível,1
865,PESQUISA DO PAPILOMAVÍRUS HUMANO (HPV) DE ALTO RISCO POR TÉCNICA MOLECULAR,Observação,1
288,"CREATININA, amostra isolada na urina",Observação,1
339,DOSAGEM DE GORDURAS NAS FEZES,"Gordura, dosagem, fezes",1
425,FERRO MEDULAR,Ferro medular - sideroblastos em anel,1
337,"DISFIBRINOGENEMIA, PESQUISA, PLASMA",Disfibrinogenemia - Imunológico,1
707,INSULINA LIVRE,Insulina livre,1
97,"ANTICORPOS ANTI-GAD, soro",Observação,1
424,FERRO MEDULAR,Ferro medular - sideroblastos,1
95,"ANTICORPOS ANTI-ANTIGENO PRECOCE DO VIRUS EB, soro","Virus EB, anticorpos anti-antigeno precoce",1
1174,URINA TIPO I,"Cristais, urina",1
423,FERRO MEDULAR,Ferro medular - depósito intersticial,1
300,"CRYPTOCOCCUS NEOFORMANS, PESQUISA DE ANTICORPOS TOTAIS, soro",Cryptococcus Neoformans,1
272,"CORTISONA, SORO","Cortisona, soro",1
857,PESQUISA DE TOXOPLASMA GONDII POR MÉTODO MOLECULAR,Toxoplasma Gondii DNA,1
939,"PROTROMBINA, TESTE DE MISTURA, plasma",TP/INR,1
851,"PESQUISA DE MACROCREATINOQUINASE (MacroCK), soro",Macrocreatinoquinase,1
818,PAINEL SOROLOGICO PARA ECHOVIRUS,Echovirus tipo 4,1
261,"CORPOS CETONICOS, urina","Corpos cetônicos, urina",1
1107,"TESTE DE SUPRESSÃO DO CORTISOL, APÓS 2 MG DE DEXAMETASONA, soro",Cortisol após dexametasona,1
1108,TESTE DOS MULTIMEROS DO FATOR DE VON WILLEBRAND,Multímetros do fator de Von Willebrand,1
262,"CORTICOSTERONA, soro","Corticosterona, soro",1
968,"RUBEOLA, AVIDEZ DE ANTICORPOS IgG, soro","Rubeola, Avidez IgG",1
817,PAINEL SOROLOGICO PARA ECHOVIRUS,Echovirus tipo 30,1
1113,TESTE RÁPIDO PARA DETECÇÃO DE M. TUBERCULOSIS E RESISTÊNCIA À RIFAMPICINA,Observação,1
816,PAINEL SOROLOGICO PARA ECHOVIRUS,Echovirus tipo 11,1
952,QUANTIFICAÇÃO DO TRANSCRITO DO REARRANJO PML/RARA,"PML/RARA, translocação",1
940,"PROTROMBINA, TESTE DE MISTURA, plasma",Tempo de Protrombina,1
1125,"TIROGLOBULINA, soro",Observação,1
950,QUANTIFICAÇÃO DA MUTAÇÃO p.V617F DO GENE JAK2,"JAK2, Quantificação da mutação V617F",1
1127,TIROXINA (T4) LIVRE OBTIDA POR DIALISE,T4 Livre obtida por dialise,1
946,"QUANTIFICACAO DE INIBIDOR DE FATOR IX, plasma",Inibidor de Fator IX,1
120,ANTICORPOS NEUTRALIZANTES CONTRA O VIRUS COXSACKIE B,Observação,1
945,"QUANTIFICACAO DE INIBIDOR DE FATOR IX, plasma",Dosagem de fator IX,1
1141,"TRIAGEM DE ANFETAMINAS E METANFETAMINAS, urina","Anfetaminas e Metanfetaminas, urina",1
759,"MAG, ANTICORPOS, soro","MAG, anticorpos",1
852,PESQUISA DE MICROSPORIDIA NAS FEZES,"Microsporidia, pesquisa, fezes",1
731,"JO-1, AUTO-ANTICORPOS, soro","Jo-1, Auto-Anticorpos - imunodifusão dupla",1
