ï»¿ID_PACIENTE,IC_SEXO,AA_NASCIMENTO,CD_PAIS,CD_UF,CD_MUNICIPIO,CD_DISTRITO
7D45FE3D655E66784DD28970EF49ADCA,F,1984,Brasil,SP,SÃ£o Paulo,
E33BF02768C6B38404CB6533703D0D2B,M,1984,Brasil,SP,SÃ£o Paulo,
0BA8C352CCBDC9BEC24A30D5938E49B2,M,1987,Brasil,SP,Sao Paulo,
C7A2FFAF332245084105ABBC61C744E9,M,1980,Brasil,SP,Guarulhos,
3ECDE1017B0467B9D6C133C9770D99EA,F,1982,Brasil,SP,SÃ£o Paulo,
D82AD323B98A32AC5AAC383FF6031B16,F,1983,Brasil,SP,SÃ£o Paulo,
526AF2A25A1B662D72562BBE39DCE0CA,M,1983,Brasil,SP,SÃ£o Paulo,
87702154A9F1DEBA3A0CB70DAD4F66C6,M,1985,Brasil,SP,Guarulhos,
0EB649B547DAF1C04F56EA83BC5515A0,F,1981,Brasil,SP,SÃ£o Paulo,
38E249F9AC8A7AC9F23FE1F052D87825,M,1984,Brasil,SP,SÃ£o Paulo,
CF58DD8870CB8AD13D5889B62F19C79A,F,1984,Brasil,SP,Sao Paulo,
7B6AAC22F7BB04C1D2CEAFD832ED7145,M,1984,Brasil,SP,SÃ£o Paulo,
9E968EF4C36DCE3A830D14BD5154217F,F,1981,Brasil,SP,SÃ£o Paulo,
6D22F67E33909F86635B0CD5749A0F5F,F,1985,Brasil,SP,SÃ£o Paulo,
1152B120718B721C77B6956CCC00803E,F,1980,Brasil,SP,SÃ£o Paulo,
5B7C465A34F4B51CF1D2615D02152F26,M,1986,Brasil,SP,Sao Paulo,
AF513D11AFDA9E48A94836A3F587D9EA,M,1981,Brasil,SP,SÃ£o Paulo,
F91D598AAE5089A57A921A12C0C923A7,M,1983,Brasil,SP,Guarulhos,
5202FA8B86ED7E1771DF87C3311B0C7A,F,1987,Brasil,SP,SÃ£o Paulo,
F7E83573967A24E11A5112615C3773B1,M,1987,Brasil,SP,SÃ£o Paulo,
0AD68CDB708C1C3FB5B4EB12163C9240,F,1990,Brasil,SP,SÃ£o Paulo,
53212F8DCAECB16CFFB62A94B01F2F16,F,1981,Brasil,SP,Sao Paulo,
94AA466E57D130F81D9ADA2100D6B8FF,F,1981,Brasil,SP,SÃ£o Paulo,
520AD1D6742DE8AF9B1AB6F20AD25211,M,1982,Brasil,SP,SÃ£o Paulo,
52E48DD8E2ED1B8BD03B65BFBC15EBBA,F,1990,Brasil,SP,SÃ£o Paulo,
BCEEBBBA9D739F3A13D5ADC3A01825AD,M,1982,Brasil,SP,Guarulhos,
FA77DEF8BA63721BFED195D1D7501076,F,1982,Brasil,SP,SÃ£o Paulo,
94BD5F82035051056F716B01434CF9AA,F,1985,Brasil,SP,SÃ£o Paulo,
CAE572A656ADC722A1925B480F0F6F7C,M,1987,Brasil,SP,SÃ£o Paulo,
D13AAC0E5C4B2DB8D792F4697C0623B6,M,1982,Brasil,SP,Sao Paulo,
B75B1F4FA5936FDA417B69480F40D436,F,1985,Brasil,SP,SÃ£o Paulo,
F14D1CEB6D8A20E54A04296B8EAC3AE5,M,1984,Brasil,SP,Sao Paulo,
68391EC08AD1F2AFAF400E552CB1A9EA,M,1985,Brasil,SP,SÃ£o Paulo,
1625295394C8842CFD465E0B089021C2,F,1982,Brasil,SP,Guarulhos,
1D6552C8AFBEDF4573CE52F250E5961C,M,1983,Brasil,SP,SÃ£o Paulo,
D36DB10A2669B891EF7BE374F16703FB,F,1986,Brasil,SP,SÃ£o Paulo,
15928EE680C28B5B2BF559D2BF0F81BA,F,1984,Brasil,SP,Sao Paulo,
E9151C00E88B72044D6164890C2EE934,M,1987,Brasil,SP,SÃ£o Paulo,
277E83942AE487287A674D5AA14F8C77,M,1986,,SP,SÃ£o Paulo,
F7A810FFC9A2E12B988FA04CF66DD2E5,M,1987,Brasil,SP,SÃ£o Paulo,
BF10C39D383D2FEDEACE73B3028DF1B5,M,1983,Brasil,SP,SÃ£o Paulo,
0923CA455DC5A48B46F2A745924214C3,F,1981,Brasil,SP,SÃ£o Paulo,
FCCEB133D939375813ADDCE9931350B6,F,1990,Brasil,SP,Sao Paulo,
A225779D0EE83E5D62A5308D15C52F53,M,1985,Brasil,SP,SÃ£o Paulo,
CB23CBE63078CB978391932367923BB2,F,1985,Brasil,SP,SÃ£o Paulo,
EA6EC9C025DD63AF86F8A05DFF87102F,F,1983,Brasil,SP,SÃ£o Paulo,
A7EE3C3E9D1F2B01D9C23A900D44479D,M,1986,Brasil,SP,SÃ£o Paulo,
06CBA5955242CD9F383B0E050FF5C21A,F,1990,Brasil,SP,SÃ£o Paulo,
DA5AB825C6B765BADDBCADC33E0F81CE,F,1980,Brasil,SP,SÃ£o Paulo,
493153A6C4D5849BE44150EFEA429D77,F,1985,Brasil,SP,Sao Paulo,
CA155BB846075556C33BD8081EB0D664,F,1982,Brasil,SP,SÃ£o Paulo,
7F6F75D2757F9C6B7A1A8FA6AAA38792,F,1987,Brasil,SP,SÃ£o Paulo,
C3E32223703C23F503C5587E90CCEF78,F,1980,Brasil,SP,Sao Paulo,
66E13E98D325BCC82BDFE99689947809,M,1987,Brasil,SP,SÃ£o Paulo,
8DD28B086D29C5F38A84EDEA5397F9A3,F,1990,Brasil,SP,SÃ£o Paulo,
0ED35F66D1BE0BC5B487AA4AFE01CD62,F,1990,Brasil,SP,SÃ£o Paulo,
AAFCA9B5DA08F3A5A4042ECD77EA5948,F,1990,Brasil,SP,SÃ£o Paulo,
1F562AF263C5C1DB6D096B068911C87E,M,1987,Brasil,SP,SÃ£o Paulo,
A52F452389405BBFAC8DAA93F25C6D9B,M,1982,Brasil,SP,SÃ£o Paulo,
02B32473EF55DFB7EB96C68FA353A606,M,1986,Brasil,SP,Campos do JordÃ£o,
2EA37AC0D1B3B30754E203BF1CF52867,F,1981,Brasil,SP,Campos do JordÃ£o,
BB056AF086A1AB0FB675CDACBA8186AE,F,1982,Brasil,SP,SÃ£o Paulo,
225D4A5D460B015B580A1761F3C6D2C4,M,1986,Brasil,SP,Sao Paulo,
134B2352ABCB026BA631AFAA26FFB3B6,F,1982,Brasil,SP,SÃ£o Paulo,
8A070DBE780CB839E170C6E960F32A9C,F,1981,Brasil,SP,Guarulhos,
C2999BD2257A43D97DF9D754DE82E470,M,1986,Brasil,SP,SÃ£o Paulo,
29A33E29E2DE9FD50321AF674AAC9076,M,1984,Brasil,SP,Sao Paulo,
96922BAC78319551748E5105CC1D76BF,M,1981,Brasil,SP,SÃ£o Paulo,
523B4AD99E79B08038AC4D9887A20B26,F,1985,Brasil,SP,SÃ£o Paulo,
B333D7A4E36CD1BBBCB6940D9FCE5A47,M,1985,Brasil,SP,Sao Paulo,
88F896B173289E013B58D384CEF5D8D9,F,1984,Brasil,SP,SÃ£o Paulo,
4207F9F80258C0EB6EC0B12FF994803F,F,1984,Brasil,SP,SÃ£o Paulo,
7B27DB1F9B5E0DF2527E7D50EF7FD663,F,1984,Brasil,SP,SÃ£o Paulo,
E0B9A0E7DBE7F618AF22AA148D4DCCCD,F,1981,Brasil,SP,SÃ£o Paulo,
BD3F4136C24FC01343D37263D6FE874D,F,1990,Brasil,SP,SÃ£o Paulo,
BA2C8D5DFBA6B9A0CC4315E91F25D2CF,M,1981,Brasil,SP,Guarulhos,
5CD008ACD6894AB456AE226DAEF54212,M,1980,Brasil,SP,SÃ£o Paulo,
28F2C08D465546BA68F0E9F5F17F1FE4,F,1984,Brasil,SP,SÃ£o Paulo,
CAFF772FBDC045E5C42795F38E66D5B8,M,1987,Brasil,SP,SÃ£o Paulo,
3FE89E4072205E02576B58E9DD049D04,F,1987,Brasil,SP,SÃ£o Paulo,
FDC916AB5986E6A1D05C6D674D55AAEA,M,1986,Brasil,SP,Sao Paulo,
7056CC643F7C7EF635FA70CE550D1CE8,F,1986,Brasil,SP,SÃ£o Paulo,
40C281222FBE7578F2F04C03EDC0CC89,F,1986,Brasil,SP,SÃ£o Paulo,
F231EA586DCBB01DCC7416EAD076C72E,M,1987,Brasil,SP,SÃ£o Paulo,
8C6111C162C375165FF47C3D6EB6B0B3,M,1982,Brasil,SP,SÃ£o Paulo,
44B60E624E0F5521267AF0BF7E24F736,F,1985,Brasil,SP,SÃ£o Paulo,
A5F72B3B074C348EC5DB64C5F2CE8F34,M,1990,Brasil,SP,SÃ£o Paulo,
6EA89980E862196A0A6AE4E93606DA15,F,1986,,SP,SÃ£o Paulo,
2378CA9EC7AF9A12EB5C522B671C2F59,M,1984,Brasil,SP,SÃ£o Paulo,
AFCDC392C86A86851EF9475F3729C057,M,1987,Brasil,SP,SÃ£o Paulo,
AEAA5155DEA8C3A462A33C2CCFCDE3E6,F,1982,Brasil,SP,SÃ£o Paulo,
B4102D002D0FF995E23072AF92302BEB,M,1981,Brasil,SP,SÃ£o Paulo,
7A444569F967895D95A13F8716A354F6,F,1982,Brasil,SP,SÃ£o Paulo,
737E4955681D722505528EBC00157432,M,1985,Brasil,SP,SÃ£o Paulo,
25A901E45C18F51D0D48B7F41F68F534,M,1982,Brasil,SP,SÃ£o Paulo,
D3202DB91A6C3480017591827AC64B1E,M,1981,Brasil,SP,SÃ£o Paulo,
1CFD4DF25719D30AF7701D93C1F04306,F,1986,Brasil,SP,SÃ£o Paulo,
3BDA24CD5435BE2ACF757CE52CB37CA3,F,1984,Brasil,SP,SÃ£o Paulo,
D8A21F43AF43240A4437314500570E24,M,1990,Brasil,SP,Sao Paulo,
590F2BA6048CB510D7B5F32A07EB3C8C,F,1986,Brasil,SP,SÃ£o Paulo,
